source_brand,source_patient_id,email_opt_in,sms_opt_in,phone_opt_in,marketing_opt_in,research_opt_in,last_updated
MEDFIRST,11748,True,True,False,True,True,2026-05-13T18:06:13.744387
MEDFIRST,10468,True,True,True,True,False,2026-05-13T18:06:13.744401
MEDFIRST,11567,True,True,False,True,False,2026-05-13T18:06:13.744405
MEDFIRST,10236,True,False,False,True,False,2026-05-13T18:06:13.744409
MEDFIRST,10209,True,False,True,True,False,2026-05-13T18:06:13.744490
MEDFIRST,10100,True,True,False,False,False,2026-05-13T18:06:13.744496
MEDFIRST,29658,True,True,True,True,True,2026-05-13T18:06:13.744525
MEDFIRST,10477,False,True,True,True,True,2026-05-13T18:06:13.744530
MEDFIRST,10318,True,False,True,False,True,2026-05-13T18:06:13.744535
MEDFIRST,23507,True,True,True,False,False,2026-05-13T18:06:13.744557
MEDFIRST,10312,True,True,True,True,True,2026-05-13T18:06:13.744562
MEDFIRST,10050,False,True,False,True,False,2026-05-13T18:06:13.744566
MEDFIRST,10007,True,True,True,True,True,2026-05-13T18:06:13.744570
MEDFIRST,10495,True,True,False,True,True,2026-05-13T18:06:13.744573
MEDFIRST,10431,False,True,True,True,False,2026-05-13T18:06:13.744577
MEDFIRST,10474,False,True,True,False,False,2026-05-13T18:06:13.744580
MEDFIRST,10387,True,True,False,True,False,2026-05-13T18:06:13.744584
MEDFIRST,10255,True,False,True,True,True,2026-05-13T18:06:13.744587
MEDFIRST,11677,True,True,True,True,True,2026-05-13T18:06:13.744591
MEDFIRST,10186,True,True,True,True,True,2026-05-13T18:06:13.744594
MEDFIRST,10238,True,True,True,True,True,2026-05-13T18:06:13.744598
MEDFIRST,10433,True,True,False,True,False,2026-05-13T18:06:13.744601
MEDFIRST,10352,False,True,True,True,False,2026-05-13T18:06:13.744605
MEDFIRST,11527,True,True,True,True,False,2026-05-13T18:06:13.744608
MEDFIRST,10128,True,False,True,True,True,2026-05-13T18:06:13.744612
MEDFIRST,10264,True,True,True,False,False,2026-05-13T18:06:13.744616
MEDFIRST,11766,True,True,True,True,False,2026-05-13T18:06:13.744619
MEDFIRST,10263,True,False,False,False,False,2026-05-13T18:06:13.744623
MEDFIRST,10179,False,False,True,True,False,2026-05-13T18:06:13.744626
MEDFIRST,11632,True,True,False,True,True,2026-05-13T18:06:13.744629
MEDFIRST,10323,True,True,True,False,False,2026-05-13T18:06:13.744633
MEDFIRST,10069,True,False,True,True,False,2026-05-13T18:06:13.744636
MEDFIRST,10428,True,True,False,False,True,2026-05-13T18:06:13.744640
MEDFIRST,10332,True,False,False,True,False,2026-05-13T18:06:13.744643
MEDFIRST,10287,False,False,False,True,False,2026-05-13T18:06:13.744647
MEDFIRST,10059,True,True,True,True,False,2026-05-13T18:06:13.744650
MEDFIRST,24036,True,True,True,False,False,2026-05-13T18:06:13.744654
MEDFIRST,11654,False,False,True,True,True,2026-05-13T18:06:13.744657
MEDFIRST,10191,True,True,True,False,False,2026-05-13T18:06:13.744661
MEDFIRST,10048,True,True,True,True,False,2026-05-13T18:06:13.744665
MEDFIRST,10226,True,True,False,True,True,2026-05-13T18:06:13.744711
MEDFIRST,10384,True,False,False,False,True,2026-05-13T18:06:13.744718
MEDFIRST,26690,True,False,False,False,True,2026-05-13T18:06:13.744722
MEDFIRST,10212,True,True,False,True,False,2026-05-13T18:06:13.744726
MEDFIRST,10188,True,True,False,True,True,2026-05-13T18:06:13.744731
MEDFIRST,10493,False,False,False,True,False,2026-05-13T18:06:13.744735
MEDFIRST,10276,True,True,False,True,True,2026-05-13T18:06:13.744738
MEDFIRST,10354,True,False,True,False,False,2026-05-13T18:06:13.744742
MEDFIRST,10421,True,True,True,False,False,2026-05-13T18:06:13.744745
MEDFIRST,10245,True,True,True,True,False,2026-05-13T18:06:13.744749
MEDFIRST,10168,True,False,False,True,True,2026-05-13T18:06:13.744752
MEDFIRST,10133,True,True,True,True,False,2026-05-13T18:06:13.744755
MEDFIRST,10379,False,True,True,True,False,2026-05-13T18:06:13.744759
MEDFIRST,10162,True,True,False,False,False,2026-05-13T18:06:13.744763
MEDFIRST,10336,True,True,False,True,False,2026-05-13T18:06:13.744766
MEDFIRST,10109,True,True,False,False,True,2026-05-13T18:06:13.744769
MEDFIRST,10345,True,True,False,True,True,2026-05-13T18:06:13.744773
MEDFIRST,10373,True,True,True,True,True,2026-05-13T18:06:13.744776
MEDFIRST,10367,True,True,True,True,False,2026-05-13T18:06:13.744780
MEDFIRST,10000,True,True,False,True,True,2026-05-13T18:06:13.744783
MEDFIRST,23571,True,True,False,False,False,2026-05-13T18:06:13.744786
MEDFIRST,10098,False,False,True,False,False,2026-05-13T18:06:13.744790
MEDFIRST,10230,True,True,False,True,False,2026-05-13T18:06:13.744794
MEDFIRST,10052,False,False,False,False,True,2026-05-13T18:06:13.744797
MEDFIRST,10175,True,False,True,False,True,2026-05-13T18:06:13.744801
MEDFIRST,21750,True,False,True,False,False,2026-05-13T18:06:13.744805
MEDFIRST,10063,True,True,False,True,True,2026-05-13T18:06:13.744808
MEDFIRST,10350,False,True,True,True,False,2026-05-13T18:06:13.744812
MEDFIRST,10058,True,False,True,True,False,2026-05-13T18:06:13.744815
MEDFIRST,10478,True,True,False,True,True,2026-05-13T18:06:13.744819
MEDFIRST,10233,False,False,True,False,False,2026-05-13T18:06:13.744822
MEDFIRST,11606,True,False,True,True,True,2026-05-13T18:06:13.744825
MEDFIRST,10221,True,False,True,False,False,2026-05-13T18:06:13.744829
MEDFIRST,10149,True,False,True,False,False,2026-05-13T18:06:13.744832
MEDFIRST,10343,False,False,False,True,True,2026-05-13T18:06:13.744836
MEDFIRST,26502,True,False,True,True,True,2026-05-13T18:06:13.744839
MEDFIRST,10358,True,False,True,False,False,2026-05-13T18:06:13.744843
MEDFIRST,11732,True,True,False,False,False,2026-05-13T18:06:13.744847
MEDFIRST,10337,True,False,False,True,False,2026-05-13T18:06:13.744851
MEDFIRST,10459,False,False,True,True,False,2026-05-13T18:06:13.744854
MEDFIRST,26025,True,True,True,True,False,2026-05-13T18:06:13.744858
MEDFIRST,10497,True,True,False,True,False,2026-05-13T18:06:13.744861
MEDFIRST,29573,True,True,False,True,False,2026-05-13T18:06:13.744865
MEDFIRST,11713,True,True,False,False,False,2026-05-13T18:06:13.744868
MEDFIRST,10020,True,True,False,True,True,2026-05-13T18:06:13.744872
MEDFIRST,10452,False,True,True,True,False,2026-05-13T18:06:13.744875
MEDFIRST,11620,False,True,True,False,True,2026-05-13T18:06:13.744878
MEDFIRST,10248,True,True,False,False,False,2026-05-13T18:06:13.744882
MEDFIRST,10218,False,True,False,False,False,2026-05-13T18:06:13.744885
MEDFIRST,10462,True,True,True,False,False,2026-05-13T18:06:13.744889
MEDFIRST,10025,False,True,False,True,False,2026-05-13T18:06:13.744893
MEDFIRST,10389,False,False,False,True,False,2026-05-13T18:06:13.744897
MEDFIRST,10183,True,True,True,True,True,2026-05-13T18:06:13.744900
MEDFIRST,10223,True,True,True,True,False,2026-05-13T18:06:13.744904
MEDFIRST,10313,True,True,False,False,False,2026-05-13T18:06:13.744908
MEDFIRST,10011,False,True,False,True,False,2026-05-13T18:06:13.744911
MEDFIRST,10320,True,True,False,False,False,2026-05-13T18:06:13.744915
MEDFIRST,10241,True,False,True,False,False,2026-05-13T18:06:13.744918
MEDFIRST,11712,True,False,True,True,False,2026-05-13T18:06:13.744922
MEDFIRST,11649,True,True,True,True,True,2026-05-13T18:06:13.744925
MEDFIRST,10472,True,True,True,True,True,2026-05-13T18:06:13.744929
MEDFIRST,29354,True,False,True,True,False,2026-05-13T18:06:13.744932
MEDFIRST,10299,False,True,False,False,False,2026-05-13T18:06:13.744936
MEDFIRST,11506,True,True,True,True,False,2026-05-13T18:06:13.744939
MEDFIRST,10091,True,True,True,True,True,2026-05-13T18:06:13.744942
MEDFIRST,10038,True,False,False,False,True,2026-05-13T18:06:13.744946
MEDFIRST,10134,False,True,False,True,False,2026-05-13T18:06:13.744950
MEDFIRST,10278,True,True,False,False,False,2026-05-13T18:06:13.744953
MEDFIRST,10290,True,True,False,False,True,2026-05-13T18:06:13.744957
MEDFIRST,10130,True,False,False,True,False,2026-05-13T18:06:13.744961
MEDFIRST,10176,False,True,False,False,False,2026-05-13T18:06:13.744964
MEDFIRST,10449,False,False,False,True,False,2026-05-13T18:06:13.744968
MEDFIRST,25395,True,True,False,False,False,2026-05-13T18:06:13.744971
MEDFIRST,11765,True,False,True,True,True,2026-05-13T18:06:13.744975
MEDFIRST,10032,True,True,True,False,True,2026-05-13T18:06:13.744978
MEDFIRST,10034,False,True,True,False,False,2026-05-13T18:06:13.744982
MEDFIRST,10363,False,False,False,True,False,2026-05-13T18:06:13.744985
MEDFIRST,10258,True,True,True,True,True,2026-05-13T18:06:13.744989
MEDFIRST,10480,True,False,False,True,False,2026-05-13T18:06:13.744992
MEDFIRST,10385,False,True,True,True,True,2026-05-13T18:06:13.744996
MEDFIRST,10111,True,True,True,True,True,2026-05-13T18:06:13.744999
MEDFIRST,10306,False,True,True,True,False,2026-05-13T18:06:13.745003
MEDFIRST,10381,True,True,False,True,False,2026-05-13T18:06:13.745007
MEDFIRST,26388,True,False,True,True,False,2026-05-13T18:06:13.745010
MEDFIRST,25185,True,False,True,True,True,2026-05-13T18:06:13.745014
MEDFIRST,23865,True,True,True,True,False,2026-05-13T18:06:13.745017
MEDFIRST,10441,True,True,True,True,False,2026-05-13T18:06:13.745021
MEDFIRST,10092,True,True,False,True,False,2026-05-13T18:06:13.745024
MEDFIRST,10408,True,True,True,True,True,2026-05-13T18:06:13.745028
MEDFIRST,10097,True,False,True,True,True,2026-05-13T18:06:13.745032
MEDFIRST,10456,False,True,True,True,False,2026-05-13T18:06:13.745035
MEDFIRST,11556,False,True,True,False,False,2026-05-13T18:06:13.745038
MEDFIRST,10141,False,True,True,True,False,2026-05-13T18:06:13.745042
MEDFIRST,11694,False,True,True,True,False,2026-05-13T18:06:13.745045
MEDFIRST,10461,False,False,True,False,False,2026-05-13T18:06:13.745049
MEDFIRST,10322,True,True,False,True,True,2026-05-13T18:06:13.745053
MEDFIRST,11637,True,False,False,True,False,2026-05-13T18:06:13.745056
MEDFIRST,10225,True,True,False,True,True,2026-05-13T18:06:13.745059
MEDFIRST,10219,True,False,False,True,False,2026-05-13T18:06:13.745063
MEDFIRST,10029,True,False,False,False,True,2026-05-13T18:06:13.745066
MEDFIRST,10484,False,False,True,True,False,2026-05-13T18:06:13.745069
MEDFIRST,10349,True,False,True,True,False,2026-05-13T18:06:13.745073
MEDFIRST,10260,True,False,True,False,False,2026-05-13T18:06:13.745076
MEDFIRST,11626,True,True,False,True,True,2026-05-13T18:06:13.745080
MEDFIRST,10081,False,True,False,True,True,2026-05-13T18:06:13.745083
MEDFIRST,10307,True,False,True,False,False,2026-05-13T18:06:13.745086
MEDFIRST,10338,True,True,False,True,False,2026-05-13T18:06:13.745089
MEDFIRST,28605,True,True,True,True,False,2026-05-13T18:06:13.745093
MEDFIRST,10279,True,False,True,True,False,2026-05-13T18:06:13.745096
MEDFIRST,10265,True,True,False,True,False,2026-05-13T18:06:13.745100
MEDFIRST,10101,False,True,False,True,True,2026-05-13T18:06:13.745103
MEDFIRST,11689,True,True,False,True,True,2026-05-13T18:06:13.745107
MEDFIRST,24125,False,True,False,True,True,2026-05-13T18:06:13.745111
MEDFIRST,10324,True,False,True,True,False,2026-05-13T18:06:13.745114
MEDFIRST,10333,True,True,True,True,True,2026-05-13T18:06:13.745117
MEDFIRST,10157,True,False,True,True,True,2026-05-13T18:06:13.745121
MEDFIRST,10136,False,False,True,False,False,2026-05-13T18:06:13.745124
MEDFIRST,10177,True,True,False,True,False,2026-05-13T18:06:13.745127
MEDFIRST,10119,True,True,True,True,True,2026-05-13T18:06:13.745131
MEDFIRST,10089,True,True,True,True,False,2026-05-13T18:06:13.745135
MEDFIRST,10298,False,True,True,True,False,2026-05-13T18:06:13.745138
MEDFIRST,10266,True,False,True,False,True,2026-05-13T18:06:13.745141
MEDFIRST,11585,True,False,True,False,True,2026-05-13T18:06:13.745145
MEDFIRST,11582,True,True,True,False,True,2026-05-13T18:06:13.745149
MEDFIRST,10485,False,True,True,True,False,2026-05-13T18:06:13.745152
MEDFIRST,10440,True,True,False,False,False,2026-05-13T18:06:13.745155
MEDFIRST,10201,True,False,False,True,False,2026-05-13T18:06:13.745159
MEDFIRST,10268,False,True,False,True,False,2026-05-13T18:06:13.745163
MEDFIRST,10310,False,True,True,True,True,2026-05-13T18:06:13.745167
MEDFIRST,10074,True,True,True,True,False,2026-05-13T18:06:13.745170
MEDFIRST,10026,True,False,False,True,False,2026-05-13T18:06:13.745174
MEDFIRST,10243,True,False,True,True,False,2026-05-13T18:06:13.745177
MEDFIRST,11552,True,True,True,True,False,2026-05-13T18:06:13.745180
MEDFIRST,10143,True,True,False,False,False,2026-05-13T18:06:13.745184
MEDFIRST,10062,False,False,True,True,False,2026-05-13T18:06:13.745188
MEDFIRST,10321,False,True,False,True,False,2026-05-13T18:06:13.745191
MEDFIRST,10164,True,True,False,True,False,2026-05-13T18:06:13.745195
MEDFIRST,10335,True,False,True,True,False,2026-05-13T18:06:13.745198
MEDFIRST,10199,True,True,True,False,True,2026-05-13T18:06:13.745201
MEDFIRST,10262,True,True,False,True,False,2026-05-13T18:06:13.745204
MEDFIRST,10259,True,True,False,False,False,2026-05-13T18:06:13.745208
MEDFIRST,29827,True,False,False,True,True,2026-05-13T18:06:13.745211
MEDFIRST,10129,False,True,True,True,False,2026-05-13T18:06:13.745215
MEDFIRST,11553,True,True,True,True,True,2026-05-13T18:06:13.745218
MEDFIRST,10353,True,True,True,True,False,2026-05-13T18:06:13.745222
MEDFIRST,11565,True,False,False,True,False,2026-05-13T18:06:13.745226
MEDFIRST,11773,True,False,False,False,False,2026-05-13T18:06:13.745229
MEDFIRST,10224,True,True,False,True,False,2026-05-13T18:06:13.745232
MEDFIRST,10159,True,False,False,True,False,2026-05-13T18:06:13.745236
MEDFIRST,10131,False,True,True,False,False,2026-05-13T18:06:13.745239
MEDFIRST,11699,True,False,True,False,True,2026-05-13T18:06:13.745243
MEDFIRST,10347,True,True,True,False,False,2026-05-13T18:06:13.745246
MEDFIRST,10315,True,False,True,True,True,2026-05-13T18:06:13.745250
MEDFIRST,10250,False,True,True,False,False,2026-05-13T18:06:13.745253
MEDFIRST,10294,True,False,True,True,False,2026-05-13T18:06:13.745257
MEDFIRST,10458,True,True,False,True,False,2026-05-13T18:06:13.745260
MEDFIRST,11680,True,True,False,True,False,2026-05-13T18:06:13.745264
MEDFIRST,10424,True,True,True,True,True,2026-05-13T18:06:13.745267
MEDFIRST,21976,False,True,False,False,False,2026-05-13T18:06:13.745271
MEDFIRST,11598,False,False,True,True,True,2026-05-13T18:06:13.745274
MEDFIRST,10446,True,True,False,True,False,2026-05-13T18:06:13.745278
MEDFIRST,10453,True,True,True,False,False,2026-05-13T18:06:13.745281
MEDFIRST,10031,True,False,False,True,True,2026-05-13T18:06:13.745285
MEDFIRST,10035,True,True,False,True,False,2026-05-13T18:06:13.745288
MEDFIRST,11729,True,True,True,True,False,2026-05-13T18:06:13.745291
MEDFIRST,10113,False,True,True,False,True,2026-05-13T18:06:13.745295
MEDFIRST,10482,False,True,False,True,True,2026-05-13T18:06:13.745298
MEDFIRST,29509,True,False,True,True,False,2026-05-13T18:06:13.745302
MEDFIRST,22374,True,True,True,False,False,2026-05-13T18:06:13.745306
MEDFIRST,10284,True,False,True,True,False,2026-05-13T18:06:13.745309
MEDFIRST,10476,False,False,False,True,True,2026-05-13T18:06:13.745312
MEDFIRST,28196,False,True,False,True,True,2026-05-13T18:06:13.745316
MEDFIRST,11728,False,False,True,True,True,2026-05-13T18:06:13.745319
MEDFIRST,11564,True,True,True,True,False,2026-05-13T18:06:13.745323
MEDFIRST,10018,True,False,True,True,True,2026-05-13T18:06:13.745327
MEDFIRST,11747,True,False,True,True,False,2026-05-13T18:06:13.745330
MEDFIRST,10090,True,True,False,True,False,2026-05-13T18:06:13.745334
MEDFIRST,10396,True,False,False,False,True,2026-05-13T18:06:13.745337
MEDFIRST,10147,True,True,True,False,False,2026-05-13T18:06:13.745340
MEDFIRST,11511,True,True,True,False,False,2026-05-13T18:06:13.745344
MEDFIRST,10017,True,False,False,True,False,2026-05-13T18:06:13.745347
MEDFIRST,10041,True,True,False,True,False,2026-05-13T18:06:13.745351
MEDFIRST,10407,False,True,False,True,False,2026-05-13T18:06:13.745354
MEDFIRST,11619,True,True,True,True,True,2026-05-13T18:06:13.745357
MEDFIRST,10390,True,True,True,False,False,2026-05-13T18:06:13.745361
MEDFIRST,10416,True,True,False,True,True,2026-05-13T18:06:13.745365
MEDFIRST,25947,False,True,False,True,False,2026-05-13T18:06:13.745368
MEDFIRST,10388,False,True,True,True,True,2026-05-13T18:06:13.745371
MEDFIRST,10301,True,False,False,False,True,2026-05-13T18:06:13.745381
MEDFIRST,10344,True,True,False,True,False,2026-05-13T18:06:13.745385
MEDFIRST,10204,True,True,True,True,False,2026-05-13T18:06:13.745388
MEDFIRST,10234,True,True,False,True,True,2026-05-13T18:06:13.745392
MEDFIRST,11685,True,True,True,True,False,2026-05-13T18:06:13.745395
MEDFIRST,10378,False,True,False,True,False,2026-05-13T18:06:13.745399
MEDFIRST,10222,False,True,True,True,True,2026-05-13T18:06:13.745403
MEDFIRST,10475,True,True,True,True,False,2026-05-13T18:06:13.745406
MEDFIRST,10036,False,False,True,True,False,2026-05-13T18:06:13.745409
MEDFIRST,10003,True,True,False,False,False,2026-05-13T18:06:13.745413
MEDFIRST,10206,True,False,False,True,False,2026-05-13T18:06:13.745416
MEDFIRST,10413,False,True,True,False,False,2026-05-13T18:06:13.745420
MEDFIRST,10127,True,True,False,True,False,2026-05-13T18:06:13.745423
MEDFIRST,10414,True,True,False,True,False,2026-05-13T18:06:13.745427
MEDFIRST,11545,True,True,False,True,False,2026-05-13T18:06:13.745431
MEDFIRST,10494,False,True,False,True,True,2026-05-13T18:06:13.745435
MEDFIRST,10481,False,True,False,True,False,2026-05-13T18:06:13.745438
MEDFIRST,10155,False,True,False,True,False,2026-05-13T18:06:13.745441
MEDFIRST,11547,True,True,False,True,False,2026-05-13T18:06:13.745445
MEDFIRST,10326,True,True,False,False,True,2026-05-13T18:06:13.745449
MEDFIRST,10061,True,False,False,True,False,2026-05-13T18:06:13.745453
MEDFIRST,10300,True,False,False,True,True,2026-05-13T18:06:13.745457
MEDFIRST,10261,False,False,True,False,False,2026-05-13T18:06:13.745460
MEDFIRST,10198,True,True,True,True,False,2026-05-13T18:06:13.745464
MEDFIRST,11609,True,False,True,True,False,2026-05-13T18:06:13.745467
MEDFIRST,10228,True,True,False,True,True,2026-05-13T18:06:13.745471
MEDFIRST,10010,True,False,False,False,False,2026-05-13T18:06:13.745474
MEDFIRST,10220,True,False,True,True,True,2026-05-13T18:06:13.745478
MEDFIRST,10448,True,True,False,False,False,2026-05-13T18:06:13.745481
MEDFIRST,10479,True,False,False,False,True,2026-05-13T18:06:13.745485
MEDFIRST,11503,False,False,False,True,False,2026-05-13T18:06:13.745488
MEDFIRST,10067,True,False,True,False,False,2026-05-13T18:06:13.745492
MEDFIRST,29925,True,True,True,True,False,2026-05-13T18:06:13.745495
MEDFIRST,10174,False,False,False,True,True,2026-05-13T18:06:13.745528
MEDFIRST,10302,False,True,True,True,True,2026-05-13T18:06:13.745534
MEDFIRST,22869,False,True,False,True,False,2026-05-13T18:06:13.745539
MEDFIRST,10405,False,False,False,True,False,2026-05-13T18:06:13.745543
MEDFIRST,10110,False,False,False,True,False,2026-05-13T18:06:13.745547
MEDFIRST,10118,True,True,True,False,False,2026-05-13T18:06:13.745550
MEDFIRST,10469,True,False,False,False,True,2026-05-13T18:06:13.745554
MEDFIRST,10404,True,True,True,True,False,2026-05-13T18:06:13.745557
MEDFIRST,10237,True,True,True,True,False,2026-05-13T18:06:13.745561
MEDFIRST,10077,True,True,False,True,False,2026-05-13T18:06:13.745564
MEDFIRST,10371,True,True,True,True,False,2026-05-13T18:06:13.745568
MEDFIRST,24498,True,True,False,True,False,2026-05-13T18:06:13.745572
MEDFIRST,10019,True,True,True,False,True,2026-05-13T18:06:13.745575
MEDFIRST,10340,False,True,True,False,False,2026-05-13T18:06:13.745579
MEDFIRST,10195,True,False,True,True,False,2026-05-13T18:06:13.745582
MEDFIRST,11681,True,True,False,True,False,2026-05-13T18:06:13.745586
MEDFIRST,10444,True,True,False,True,False,2026-05-13T18:06:13.745589
MEDFIRST,10280,False,True,True,True,False,2026-05-13T18:06:13.745593
MEDFIRST,10051,True,True,True,True,False,2026-05-13T18:06:13.745596
MEDFIRST,10372,False,True,True,True,True,2026-05-13T18:06:13.745600
MEDFIRST,10208,True,False,False,True,False,2026-05-13T18:06:13.745603
MEDFIRST,10169,True,False,False,False,False,2026-05-13T18:06:13.745607
MEDFIRST,10049,True,True,False,True,False,2026-05-13T18:06:13.745610
MEDFIRST,10066,True,True,True,False,False,2026-05-13T18:06:13.745614
MEDFIRST,10362,True,True,True,True,False,2026-05-13T18:06:13.745618
MEDFIRST,11629,True,True,False,True,False,2026-05-13T18:06:13.745621
MEDFIRST,10296,True,True,True,False,False,2026-05-13T18:06:13.745624
MEDFIRST,10329,False,True,True,True,True,2026-05-13T18:06:13.745628
MEDFIRST,11559,False,True,False,True,True,2026-05-13T18:06:13.745632
MEDFIRST,10203,True,True,True,False,False,2026-05-13T18:06:13.745635
MEDFIRST,10319,True,True,False,True,False,2026-05-13T18:06:13.745638
MEDFIRST,28941,True,False,True,True,False,2026-05-13T18:06:13.745642
MEDFIRST,10004,True,False,False,True,False,2026-05-13T18:06:13.745645
MEDFIRST,10311,True,True,True,True,True,2026-05-13T18:06:13.745649
MEDFIRST,10429,True,False,False,True,False,2026-05-13T18:06:13.745652
MEDFIRST,10161,True,True,True,True,True,2026-05-13T18:06:13.745656
MEDFIRST,11538,True,True,False,True,False,2026-05-13T18:06:13.745659
MEDFIRST,10023,True,True,True,False,True,2026-05-13T18:06:13.745662
MEDFIRST,10247,True,True,True,True,False,2026-05-13T18:06:13.745666
MEDFIRST,25049,True,False,False,True,True,2026-05-13T18:06:13.745670
MEDFIRST,10022,True,False,False,False,False,2026-05-13T18:06:13.745673
MEDFIRST,10289,False,True,False,True,False,2026-05-13T18:06:13.745677
MEDFIRST,10400,False,True,False,True,False,2026-05-13T18:06:13.745681
MEDFIRST,10043,False,True,False,True,True,2026-05-13T18:06:13.745684
MEDFIRST,10137,True,False,True,False,False,2026-05-13T18:06:13.745687
MEDFIRST,10123,True,True,True,True,False,2026-05-13T18:06:13.745691
MEDFIRST,10422,False,True,False,False,False,2026-05-13T18:06:13.745695
MEDFIRST,10103,True,True,False,False,False,2026-05-13T18:06:13.745698
MEDFIRST,23900,True,True,False,True,True,2026-05-13T18:06:13.745702
MEDFIRST,10096,True,True,True,False,False,2026-05-13T18:06:13.745705
MEDFIRST,11595,True,False,False,True,False,2026-05-13T18:06:13.745709
MEDFIRST,10370,True,True,False,False,False,2026-05-13T18:06:13.745712
MEDFIRST,10305,True,False,False,False,True,2026-05-13T18:06:13.745716
MEDFIRST,10351,True,True,True,True,False,2026-05-13T18:06:13.745719
MEDFIRST,10033,True,False,False,True,True,2026-05-13T18:06:13.745723
MEDFIRST,10466,True,True,True,True,True,2026-05-13T18:06:13.745726
MEDFIRST,27200,False,False,True,True,True,2026-05-13T18:06:13.745729
MEDFIRST,10083,True,True,True,True,True,2026-05-13T18:06:13.745733
MEDFIRST,10144,True,True,False,True,True,2026-05-13T18:06:13.745737
MEDFIRST,10122,True,True,True,True,True,2026-05-13T18:06:13.745741
MEDFIRST,10014,True,False,False,True,False,2026-05-13T18:06:13.745744
MEDFIRST,10171,True,True,True,True,False,2026-05-13T18:06:13.745748
MEDFIRST,10496,False,True,False,False,False,2026-05-13T18:06:13.745751
MEDFIRST,10455,True,True,False,True,False,2026-05-13T18:06:13.745755
MEDFIRST,21850,True,True,False,True,False,2026-05-13T18:06:13.745758
MEDFIRST,10053,True,True,True,True,False,2026-05-13T18:06:13.745762
MEDFIRST,10055,True,True,False,False,False,2026-05-13T18:06:13.745766
MEDFIRST,10138,True,True,False,True,False,2026-05-13T18:06:13.745769
MEDFIRST,10099,True,True,True,True,False,2026-05-13T18:06:13.745773
MEDFIRST,10445,False,True,False,False,False,2026-05-13T18:06:13.745776
MEDFIRST,10331,False,False,True,True,False,2026-05-13T18:06:13.745779
MEDFIRST,10418,True,True,False,False,False,2026-05-13T18:06:13.745783
MEDFIRST,10417,True,False,True,True,False,2026-05-13T18:06:13.745786
MEDFIRST,10084,True,True,False,False,False,2026-05-13T18:06:13.745790
MEDFIRST,10194,True,True,False,False,False,2026-05-13T18:06:13.745793
MEDFIRST,11623,True,True,True,True,False,2026-05-13T18:06:13.745797
MEDFIRST,10376,True,True,False,False,True,2026-05-13T18:06:13.745801
MEDFIRST,25134,True,True,True,True,False,2026-05-13T18:06:13.745804
MEDFIRST,10160,True,True,True,False,False,2026-05-13T18:06:13.745808
MEDFIRST,10411,True,True,False,False,False,2026-05-13T18:06:13.745812
MEDFIRST,10239,True,False,True,False,False,2026-05-13T18:06:13.745815
MEDFIRST,10402,True,True,True,True,False,2026-05-13T18:06:13.745819
MEDFIRST,10374,True,True,False,True,True,2026-05-13T18:06:13.745822
MEDFIRST,10286,True,True,False,True,False,2026-05-13T18:06:13.745826
MEDFIRST,10094,True,False,True,False,False,2026-05-13T18:06:13.745829
MEDFIRST,10200,True,True,False,True,True,2026-05-13T18:06:13.745833
MEDFIRST,10464,True,True,False,True,False,2026-05-13T18:06:13.745836
MEDFIRST,10430,True,False,True,False,False,2026-05-13T18:06:13.745840
MEDFIRST,10316,True,False,True,True,True,2026-05-13T18:06:13.745843
MEDFIRST,10205,False,False,False,True,True,2026-05-13T18:06:13.745847
MEDFIRST,11633,False,True,True,True,False,2026-05-13T18:06:13.745851
MEDFIRST,10064,True,True,False,False,False,2026-05-13T18:06:13.745854
MEDFIRST,10432,False,True,False,False,True,2026-05-13T18:06:13.745858
MEDFIRST,10267,True,False,False,False,False,2026-05-13T18:06:13.745861
MEDFIRST,10047,True,True,False,True,True,2026-05-13T18:06:13.745865
MEDFIRST,10139,True,True,False,False,False,2026-05-13T18:06:13.745869
MEDFIRST,10409,True,True,True,True,False,2026-05-13T18:06:13.745872
MEDFIRST,10368,True,True,True,True,False,2026-05-13T18:06:13.745876
MEDFIRST,10116,False,False,False,True,False,2026-05-13T18:06:13.745879
MEDFIRST,10156,True,True,False,True,False,2026-05-13T18:06:13.745883
MEDFIRST,10256,True,False,True,True,True,2026-05-13T18:06:13.745886
MEDFIRST,10292,True,True,False,False,True,2026-05-13T18:06:13.745890
MEDFIRST,10132,True,True,True,True,False,2026-05-13T18:06:13.745893
MEDFIRST,10364,False,False,False,False,True,2026-05-13T18:06:13.745897
MEDFIRST,10283,True,False,True,True,False,2026-05-13T18:06:13.745900
MEDFIRST,11535,False,True,True,False,True,2026-05-13T18:06:13.745904
MEDFIRST,10348,True,True,True,True,False,2026-05-13T18:06:13.745907
MEDFIRST,10216,True,True,False,True,False,2026-05-13T18:06:13.745911
MEDFIRST,10202,True,False,True,False,False,2026-05-13T18:06:13.745914
MEDFIRST,10005,True,True,False,True,False,2026-05-13T18:06:13.745918
MEDFIRST,10082,True,True,True,False,True,2026-05-13T18:06:13.745921
MEDFIRST,10257,True,True,True,True,True,2026-05-13T18:06:13.745925
MEDFIRST,10088,True,True,False,False,False,2026-05-13T18:06:13.745929
MEDFIRST,10309,True,False,False,False,True,2026-05-13T18:06:13.745932
MEDFIRST,10016,False,False,False,True,False,2026-05-13T18:06:13.745935
MEDFIRST,10328,True,True,True,True,True,2026-05-13T18:06:13.745939
MEDFIRST,10450,False,False,True,False,True,2026-05-13T18:06:13.745942
MEDFIRST,10079,True,False,True,False,False,2026-05-13T18:06:13.745946
MEDFIRST,10451,True,True,False,True,True,2026-05-13T18:06:13.745949
MEDFIRST,11643,True,False,False,False,True,2026-05-13T18:06:13.745953
MEDFIRST,10401,False,True,True,False,False,2026-05-13T18:06:13.745956
MEDFIRST,10467,True,True,True,True,False,2026-05-13T18:06:13.745959
MEDFIRST,10330,True,True,False,False,True,2026-05-13T18:06:13.745963
MEDFIRST,10227,True,True,True,True,False,2026-05-13T18:06:13.745967
MEDFIRST,10172,False,False,False,True,False,2026-05-13T18:06:13.745970
MEDFIRST,24550,True,True,False,True,False,2026-05-13T18:06:13.745974
MEDFIRST,10210,True,False,True,True,True,2026-05-13T18:06:13.745978
MEDFIRST,10395,False,False,False,True,True,2026-05-13T18:06:13.745981
MEDFIRST,28034,False,False,True,False,True,2026-05-13T18:06:13.745984
MEDFIRST,10357,True,True,True,True,True,2026-05-13T18:06:13.745988
MEDFIRST,10270,False,True,True,True,False,2026-05-13T18:06:13.745991
MEDFIRST,11696,False,False,False,True,False,2026-05-13T18:06:13.745995
MEDFIRST,10442,True,False,False,True,True,2026-05-13T18:06:13.745998
MEDFIRST,10380,True,False,False,False,False,2026-05-13T18:06:13.746002
MEDFIRST,10240,True,True,True,False,False,2026-05-13T18:06:13.746006
MEDFIRST,11772,True,True,False,True,False,2026-05-13T18:06:13.746009
MEDFIRST,10391,False,False,False,True,True,2026-05-13T18:06:13.746012
MEDFIRST,10076,True,True,False,False,True,2026-05-13T18:06:13.746016
MEDFIRST,10213,False,False,False,False,False,2026-05-13T18:06:13.746019
MEDFIRST,10291,True,True,True,False,False,2026-05-13T18:06:13.746023
MEDFIRST,10006,False,True,True,True,False,2026-05-13T18:06:13.746026
MEDFIRST,10039,True,True,True,True,False,2026-05-13T18:06:13.746030
MEDFIRST,10487,False,True,False,True,False,2026-05-13T18:06:13.746034
MEDFIRST,10040,True,True,True,True,True,2026-05-13T18:06:13.746037
MEDFIRST,10072,True,False,True,True,True,2026-05-13T18:06:13.746041
MEDFIRST,10187,True,True,True,True,False,2026-05-13T18:06:13.746044
MEDFIRST,10075,True,False,False,True,False,2026-05-13T18:06:13.746048
MEDFIRST,10015,True,True,False,True,False,2026-05-13T18:06:13.746051
MEDFIRST,10080,False,True,True,True,False,2026-05-13T18:06:13.746054
MEDFIRST,10304,True,False,True,False,False,2026-05-13T18:06:13.746058
MEDFIRST,10244,True,False,True,True,False,2026-05-13T18:06:13.746061
MEDFIRST,10037,True,True,False,True,True,2026-05-13T18:06:13.746065
MEDFIRST,10473,True,False,False,True,False,2026-05-13T18:06:13.746068
MEDFIRST,11601,True,False,True,True,False,2026-05-13T18:06:13.746072
MEDFIRST,10054,True,True,True,True,True,2026-05-13T18:06:13.746075
MEDFIRST,10463,True,True,True,False,True,2026-05-13T18:06:13.746079
MEDFIRST,10027,True,True,False,True,False,2026-05-13T18:06:13.746083
MEDFIRST,10190,True,False,False,True,False,2026-05-13T18:06:13.746086
MEDFIRST,22302,True,True,True,True,False,2026-05-13T18:06:13.746089
MEDFIRST,10426,True,True,False,False,False,2026-05-13T18:06:13.746093
MEDFIRST,11642,False,True,False,True,False,2026-05-13T18:06:13.746097
MEDFIRST,10375,False,True,False,True,True,2026-05-13T18:06:13.746100
MEDFIRST,11763,True,False,False,False,True,2026-05-13T18:06:13.746104
MEDFIRST,10439,True,False,False,True,False,2026-05-13T18:06:13.746107
MEDFIRST,10360,True,True,False,False,True,2026-05-13T18:06:13.746110
MEDFIRST,24166,True,True,True,True,True,2026-05-13T18:06:13.746114
MEDFIRST,10060,True,False,True,True,False,2026-05-13T18:06:13.746117
MEDFIRST,10492,True,True,True,False,False,2026-05-13T18:06:13.746121
MEDFIRST,10382,True,True,True,True,False,2026-05-13T18:06:13.746125
MEDFIRST,10028,True,True,False,True,False,2026-05-13T18:06:13.746128
MEDFIRST,10114,True,True,True,False,False,2026-05-13T18:06:13.746132
MEDFIRST,10423,True,False,True,True,True,2026-05-13T18:06:13.746136
MEDFIRST,10107,False,False,True,False,False,2026-05-13T18:06:13.746140
MEDFIRST,10124,False,False,True,False,False,2026-05-13T18:06:13.746144
MEDFIRST,10488,True,False,True,False,False,2026-05-13T18:06:13.746147
MEDFIRST,10282,True,True,True,True,False,2026-05-13T18:06:13.746151
MEDFIRST,11702,True,True,True,True,False,2026-05-13T18:06:13.746154
MEDFIRST,10427,True,False,True,True,False,2026-05-13T18:06:13.746157
MEDFIRST,11703,False,False,True,True,False,2026-05-13T18:06:13.746161
MEDFIRST,10235,True,True,True,False,True,2026-05-13T18:06:13.746164
MEDFIRST,26928,False,True,False,True,False,2026-05-13T18:06:13.746168
MEDFIRST,11705,False,False,True,True,True,2026-05-13T18:06:13.746171
MEDFIRST,10419,False,True,False,False,True,2026-05-13T18:06:13.746175
MEDFIRST,10398,True,True,True,True,True,2026-05-13T18:06:13.746178
MEDFIRST,10443,True,True,True,True,False,2026-05-13T18:06:13.746182
MEDFIRST,10447,False,True,True,True,False,2026-05-13T18:06:13.746185
MEDFIRST,10434,True,True,False,True,True,2026-05-13T18:06:13.746189
MEDFIRST,11746,True,True,False,True,False,2026-05-13T18:06:13.746192
MEDFIRST,10178,True,False,False,True,False,2026-05-13T18:06:13.746196
MEDFIRST,10030,True,True,True,True,False,2026-05-13T18:06:13.746199
MEDFIRST,10056,True,True,False,False,True,2026-05-13T18:06:13.746203
MEDFIRST,22003,False,True,True,False,False,2026-05-13T18:06:13.746207
MEDFIRST,10242,True,True,True,True,False,2026-05-13T18:06:13.746211
MEDFIRST,21478,False,True,False,True,False,2026-05-13T18:06:13.746214
MEDFIRST,10460,True,True,True,True,False,2026-05-13T18:06:13.746218
MEDFIRST,10008,True,False,False,True,False,2026-05-13T18:06:13.746221
MEDFIRST,28740,True,True,True,True,False,2026-05-13T18:06:13.746225
MEDFIRST,20345,True,True,False,True,False,2026-05-13T18:06:13.746228
MEDFIRST,11543,True,False,True,True,False,2026-05-13T18:06:13.746232
MEDFIRST,26139,True,False,False,False,True,2026-05-13T18:06:13.746236
MEDFIRST,10120,True,True,True,True,True,2026-05-13T18:06:13.746239
MEDFIRST,27780,False,False,True,False,True,2026-05-13T18:06:13.746243
MEDFIRST,10359,True,True,True,True,False,2026-05-13T18:06:13.746246
MEDFIRST,11500,False,True,False,False,True,2026-05-13T18:06:13.746249
MEDFIRST,10383,False,False,True,False,False,2026-05-13T18:06:13.746253
MEDFIRST,10415,True,False,False,False,False,2026-05-13T18:06:13.746256
MEDFIRST,10499,True,True,False,True,True,2026-05-13T18:06:13.746260
MEDFIRST,10397,False,True,True,True,False,2026-05-13T18:06:13.746263
MEDFIRST,10295,False,True,False,False,True,2026-05-13T18:06:13.746266
MEDFIRST,10269,True,True,True,False,False,2026-05-13T18:06:13.746270
MEDFIRST,10215,True,True,False,True,False,2026-05-13T18:06:13.746274
MEDFIRST,10366,True,False,False,False,True,2026-05-13T18:06:13.746278
MEDFIRST,10297,False,True,True,True,True,2026-05-13T18:06:13.746281
MEDFIRST,10042,True,True,True,True,True,2026-05-13T18:06:13.746284
MEDFIRST,10486,True,True,False,False,False,2026-05-13T18:06:13.746288
MEDFIRST,10117,True,True,False,True,True,2026-05-13T18:06:13.746291
MEDFIRST,10420,True,False,True,True,True,2026-05-13T18:06:13.746295
MEDFIRST,11647,True,True,True,True,False,2026-05-13T18:06:13.746298
MEDFIRST,10272,False,True,False,True,False,2026-05-13T18:06:13.746302
MEDFIRST,10252,True,True,True,False,True,2026-05-13T18:06:13.746305
MEDFIRST,11614,True,True,False,False,False,2026-05-13T18:06:13.746309
MEDFIRST,10275,False,True,True,True,True,2026-05-13T18:06:13.746313
MEDFIRST,11651,True,True,False,True,True,2026-05-13T18:06:13.746316
MEDFIRST,10281,False,True,True,False,False,2026-05-13T18:06:13.746319
MEDFIRST,10214,False,True,True,False,False,2026-05-13T18:06:13.746323
MEDFIRST,10196,True,False,False,True,True,2026-05-13T18:06:13.746326
MEDFIRST,10125,True,True,True,True,False,2026-05-13T18:06:13.746330
MEDFIRST,10471,True,True,False,False,False,2026-05-13T18:06:13.746333
MEDFIRST,10334,True,False,True,True,False,2026-05-13T18:06:13.746337
MEDFIRST,10483,True,True,False,True,True,2026-05-13T18:06:13.746340
MEDFIRST,10410,False,True,False,True,False,2026-05-13T18:06:13.746344
MEDFIRST,10070,True,True,True,False,True,2026-05-13T18:06:13.746347
MEDFIRST,10170,True,True,False,True,False,2026-05-13T18:06:13.746351
MEDFIRST,10325,True,True,False,True,False,2026-05-13T18:06:13.746355
MEDFIRST,10406,True,True,False,True,True,2026-05-13T18:06:13.746358
MEDFIRST,20916,False,False,False,True,False,2026-05-13T18:06:13.746362
MEDFIRST,10211,True,False,True,True,False,2026-05-13T18:06:13.746365
MEDFIRST,10498,False,False,False,True,True,2026-05-13T18:06:13.746369
MEDFIRST,10355,True,True,True,True,False,2026-05-13T18:06:13.746372
MEDFIRST,10246,True,False,False,True,True,2026-05-13T18:06:13.746381
MEDFIRST,10217,True,True,True,True,False,2026-05-13T18:06:13.746384
MEDFIRST,10253,True,True,True,False,True,2026-05-13T18:06:13.746388
MEDFIRST,10163,True,True,False,False,False,2026-05-13T18:06:13.746391
MEDFIRST,11764,True,False,True,True,False,2026-05-13T18:06:13.746395
MEDFIRST,10197,False,True,True,True,False,2026-05-13T18:06:13.746399
MEDFIRST,10392,True,False,False,True,True,2026-05-13T18:06:13.746403
MEDFIRST,10093,True,True,True,True,False,2026-05-13T18:06:13.746406
MEDFIRST,10065,True,True,False,False,False,2026-05-13T18:06:13.746410
MEDFIRST,10165,False,True,False,True,False,2026-05-13T18:06:13.746413
MEDFIRST,10046,True,True,True,True,False,2026-05-13T18:06:13.746417
MEDFIRST,10148,True,True,False,True,False,2026-05-13T18:06:13.746420
MEDFIRST,10285,True,True,True,False,True,2026-05-13T18:06:13.746424
MEDFIRST,11530,False,True,True,True,False,2026-05-13T18:06:13.746427
MEDFIRST,11510,True,False,False,True,False,2026-05-13T18:06:13.746431
MEDFIRST,10068,True,True,False,True,True,2026-05-13T18:06:13.746434
MEDFIRST,10489,False,True,True,True,True,2026-05-13T18:06:13.746437
MEDFIRST,10457,True,True,False,True,False,2026-05-13T18:06:13.746441
MEDFIRST,10399,False,False,True,False,False,2026-05-13T18:06:13.746444
MEDFIRST,10151,True,True,True,True,False,2026-05-13T18:06:13.746448
MEDFIRST,10327,True,False,False,True,False,2026-05-13T18:06:13.746451
MEDFIRST,11525,True,True,True,True,False,2026-05-13T18:06:13.746455
MEDFIRST,10152,True,False,False,False,True,2026-05-13T18:06:13.746459
MEDFIRST,10002,False,True,True,False,False,2026-05-13T18:06:13.746462
MEDFIRST,27786,False,True,True,True,True,2026-05-13T18:06:13.746466
MEDFIRST,10271,True,False,True,True,False,2026-05-13T18:06:13.746469
MEDFIRST,10377,True,False,False,True,False,2026-05-13T18:06:13.746473
MEDFIRST,28133,True,True,True,True,False,2026-05-13T18:06:13.746476
MEDFIRST,10277,False,True,True,True,False,2026-05-13T18:06:13.746480
MEDFIRST,10106,False,True,False,True,True,2026-05-13T18:06:13.746483
MEDFIRST,10356,True,False,False,False,True,2026-05-13T18:06:13.746487
MEDFIRST,11570,True,True,True,False,True,2026-05-13T18:06:13.746490
MEDFIRST,10308,True,False,True,True,True,2026-05-13T18:06:13.746493
MEDFIRST,10153,True,True,False,True,False,2026-05-13T18:06:13.746497
MEDFIRST,10435,True,True,False,False,True,2026-05-13T18:06:13.746523
MEDFIRST,11771,True,True,True,True,True,2026-05-13T18:06:13.746529
MEDFIRST,10342,True,False,True,True,True,2026-05-13T18:06:13.746534
MEDFIRST,10438,True,False,False,True,False,2026-05-13T18:06:13.746538
MEDFIRST,10182,True,True,True,True,True,2026-05-13T18:06:13.746542
MEDFIRST,10154,True,True,False,True,False,2026-05-13T18:06:13.746545
MEDFIRST,11656,True,True,True,True,True,2026-05-13T18:06:13.746549
MEDFIRST,10086,True,True,False,True,False,2026-05-13T18:06:13.746552
MEDFIRST,10369,False,True,False,True,False,2026-05-13T18:06:13.746556
MEDFIRST,10121,True,True,True,True,True,2026-05-13T18:06:13.746559
MEDFIRST,10341,True,True,False,True,True,2026-05-13T18:06:13.746563
MEDFIRST,10078,True,True,False,False,True,2026-05-13T18:06:13.746567
MEDFIRST,10365,True,True,True,False,False,2026-05-13T18:06:13.746571
MEDFIRST,11745,True,False,True,False,False,2026-05-13T18:06:13.746574
MEDFIRST,10104,False,True,False,True,True,2026-05-13T18:06:13.746578
MEDFIRST,11541,True,True,True,True,True,2026-05-13T18:06:13.746581
MEDFIRST,11666,True,True,False,True,False,2026-05-13T18:06:13.746584
MEDFIRST,10173,True,True,True,True,False,2026-05-13T18:06:13.746588
MEDFIRST,21833,True,True,False,True,True,2026-05-13T18:06:13.746591
MEDFIRST,10115,True,True,True,True,True,2026-05-13T18:06:13.746595
MEDFIRST,11670,True,False,True,True,False,2026-05-13T18:06:13.746598
MEDFIRST,10231,False,True,True,False,True,2026-05-13T18:06:13.746602
MEDFIRST,10293,False,True,False,True,False,2026-05-13T18:06:13.746606
MEDFIRST,10361,True,False,False,True,False,2026-05-13T18:06:13.746610
MEDFIRST,10150,True,True,True,False,True,2026-05-13T18:06:13.746613
MEDFIRST,10394,False,True,False,True,False,2026-05-13T18:06:13.746617
MEDFIRST,10437,True,True,True,False,True,2026-05-13T18:06:13.746621
MEDFIRST,10232,True,True,False,True,True,2026-05-13T18:06:13.746625
MEDFIRST,10024,True,True,False,True,True,2026-05-13T18:06:13.746628
MEDFIRST,10229,True,True,True,True,False,2026-05-13T18:06:13.746631
MEDFIRST,10001,True,True,False,True,False,2026-05-13T18:06:13.746635
MEDFIRST,10145,True,True,False,False,True,2026-05-13T18:06:13.746638
MEDFIRST,10425,False,True,True,False,False,2026-05-13T18:06:13.746641
MEDFIRST,22363,False,True,True,True,False,2026-05-13T18:06:13.746645
MEDFIRST,11561,True,True,True,False,False,2026-05-13T18:06:13.746648
MEDFIRST,10303,True,True,False,True,True,2026-05-13T18:06:13.746652
MEDFIRST,11523,False,False,True,True,False,2026-05-13T18:06:13.746655
MEDFIRST,10105,True,True,True,False,False,2026-05-13T18:06:13.746659
MEDFIRST,10045,True,False,True,True,False,2026-05-13T18:06:13.746662
MEDFIRST,11667,True,True,True,False,False,2026-05-13T18:06:13.746666
MEDFIRST,10126,True,False,False,True,False,2026-05-13T18:06:13.746669
MEDFIRST,11578,True,True,True,True,True,2026-05-13T18:06:13.746673
MEDFIRST,10273,True,True,False,False,False,2026-05-13T18:06:13.746676
MEDFIRST,11520,True,False,True,True,False,2026-05-13T18:06:13.746680
MEDFIRST,10057,False,False,True,True,False,2026-05-13T18:06:13.746684
MEDFIRST,10249,False,True,True,False,False,2026-05-13T18:06:13.746687
MEDFIRST,10158,True,True,False,False,True,2026-05-13T18:06:13.746691
MEDFIRST,10490,True,True,True,False,True,2026-05-13T18:06:13.746694
MEDFIRST,10339,False,True,True,True,True,2026-05-13T18:06:13.746697
MEDFIRST,10314,False,False,False,False,True,2026-05-13T18:06:13.746701
MEDFIRST,10167,True,True,True,False,True,2026-05-13T18:06:13.746705
MEDFIRST,10454,True,False,False,True,True,2026-05-13T18:06:13.746708
MEDFIRST,11577,True,True,False,False,False,2026-05-13T18:06:13.746711
MEDFIRST,10491,False,True,False,True,False,2026-05-13T18:06:13.746715
MEDFIRST,10142,True,True,False,True,True,2026-05-13T18:06:13.746718
MEDFIRST,10207,True,True,False,True,False,2026-05-13T18:06:13.746722
MEDFIRST,10087,True,True,False,True,False,2026-05-13T18:06:13.746725
MEDFIRST,10346,True,True,False,True,False,2026-05-13T18:06:13.746729
MEDFIRST,11514,True,True,True,True,True,2026-05-13T18:06:13.746732
MEDFIRST,10108,True,True,False,True,True,2026-05-13T18:06:13.746736
MEDFIRST,10009,True,False,True,True,True,2026-05-13T18:06:13.746739
MEDFIRST,11659,True,True,True,True,False,2026-05-13T18:06:13.746742
MEDFIRST,11704,True,True,False,True,False,2026-05-13T18:06:13.746746
MEDFIRST,10274,True,True,False,True,False,2026-05-13T18:06:13.746750
MEDFIRST,10085,True,True,True,True,False,2026-05-13T18:06:13.746753
MEDFIRST,10254,False,False,True,False,False,2026-05-13T18:06:13.746756
MEDFIRST,10135,False,False,True,False,False,2026-05-13T18:06:13.746760
MEDFIRST,10044,True,False,True,True,False,2026-05-13T18:06:13.746763
MEDFIRST,10013,True,True,True,True,False,2026-05-13T18:06:13.746767
MEDFIRST,10112,True,False,True,True,True,2026-05-13T18:06:13.746770
MEDFIRST,11733,True,False,True,True,True,2026-05-13T18:06:13.746774
MEDFIRST,10393,False,True,True,True,False,2026-05-13T18:06:13.746777
MEDFIRST,10386,True,True,True,True,False,2026-05-13T18:06:13.746781
MEDFIRST,11691,True,False,True,False,False,2026-05-13T18:06:13.746785
MEDFIRST,10012,True,False,False,False,False,2026-05-13T18:06:13.746788
MEDFIRST,10140,True,True,False,True,False,2026-05-13T18:06:13.746792
MEDFIRST,26943,True,True,False,True,False,2026-05-13T18:06:13.746795
MEDFIRST,10102,True,True,True,True,False,2026-05-13T18:06:13.746799
MEDFIRST,10412,True,False,False,False,True,2026-05-13T18:06:13.746802
MEDFIRST,10465,True,True,True,False,False,2026-05-13T18:06:13.746806
MEDFIRST,10251,True,False,True,True,False,2026-05-13T18:06:13.746809
MEDFIRST,10436,True,True,True,False,False,2026-05-13T18:06:13.746813
MEDFIRST,10073,True,True,True,True,False,2026-05-13T18:06:13.746816
MEDFIRST,10146,True,True,False,True,False,2026-05-13T18:06:13.746820
MEDFIRST,10071,True,True,True,True,False,2026-05-13T18:06:13.746824
MEDFIRST,10192,True,True,False,True,True,2026-05-13T18:06:13.746827
MEDFIRST,10403,True,True,True,True,True,2026-05-13T18:06:13.746831
MEDFIRST,10181,True,True,True,True,False,2026-05-13T18:06:13.746834
MEDFIRST,10166,True,True,False,True,True,2026-05-13T18:06:13.746838
MEDFIRST,10317,True,True,True,True,False,2026-05-13T18:06:13.746841
MEDFIRST,10021,True,True,False,False,True,2026-05-13T18:06:13.746844
MEDFIRST,10288,True,True,False,True,False,2026-05-13T18:06:13.746848
MEDFIRST,10184,True,True,True,False,True,2026-05-13T18:06:13.746851
MEDFIRST,23867,True,False,False,True,False,2026-05-13T18:06:13.746855
MEDFIRST,11603,True,True,False,False,False,2026-05-13T18:06:13.746858
MEDFIRST,10193,True,True,False,False,False,2026-05-13T18:06:13.746861
MEDFIRST,10180,True,False,True,True,False,2026-05-13T18:06:13.746865
MEDFIRST,10189,True,True,True,True,False,2026-05-13T18:06:13.746868
MEDFIRST,10470,True,True,False,True,True,2026-05-13T18:06:13.746872
MEDFIRST,10185,True,True,False,False,True,2026-05-13T18:06:13.746876
MEDFIRST,28551,True,False,True,True,True,2026-05-13T18:06:13.746879
MEDFIRST,10095,True,True,False,False,False,2026-05-13T18:06:13.746883
CAREPLUS,10737,True,False,False,True,False,2026-05-13T18:06:13.746888
CAREPLUS,10693,True,True,True,True,True,2026-05-13T18:06:13.746892
CAREPLUS,10661,False,True,False,True,False,2026-05-13T18:06:13.746895
CAREPLUS,11502,True,True,False,True,True,2026-05-13T18:06:13.746899
CAREPLUS,10756,False,True,False,True,False,2026-05-13T18:06:13.746933
CAREPLUS,10620,True,True,True,False,False,2026-05-13T18:06:13.746940
CAREPLUS,10634,True,True,True,True,False,2026-05-13T18:06:13.746945
CAREPLUS,11752,True,True,False,False,True,2026-05-13T18:06:13.746949
CAREPLUS,10903,True,False,True,True,True,2026-05-13T18:06:13.746953
CAREPLUS,10673,True,True,True,True,False,2026-05-13T18:06:13.746956
CAREPLUS,10582,True,False,False,True,False,2026-05-13T18:06:13.746960
CAREPLUS,10895,False,False,False,True,True,2026-05-13T18:06:13.746963
CAREPLUS,10577,True,False,False,True,False,2026-05-13T18:06:13.746967
CAREPLUS,10907,True,True,True,True,True,2026-05-13T18:06:13.746970
CAREPLUS,11672,True,True,False,True,False,2026-05-13T18:06:13.746974
CAREPLUS,10820,True,True,True,True,False,2026-05-13T18:06:13.746978
CAREPLUS,10641,True,True,True,True,True,2026-05-13T18:06:13.746982
CAREPLUS,11715,True,True,False,False,True,2026-05-13T18:06:13.746985
CAREPLUS,10910,True,True,False,True,False,2026-05-13T18:06:13.746989
CAREPLUS,10985,True,True,False,True,True,2026-05-13T18:06:13.746993
CAREPLUS,10776,True,False,False,True,False,2026-05-13T18:06:13.746996
CAREPLUS,29827,True,False,True,True,False,2026-05-13T18:06:13.747000
CAREPLUS,10826,True,True,True,False,True,2026-05-13T18:06:13.747004
CAREPLUS,10707,False,True,False,True,False,2026-05-13T18:06:13.747008
CAREPLUS,10679,False,True,True,False,True,2026-05-13T18:06:13.747011
CAREPLUS,10565,True,True,False,True,False,2026-05-13T18:06:13.747014
CAREPLUS,10819,True,True,True,True,True,2026-05-13T18:06:13.747018
CAREPLUS,10919,True,False,False,True,True,2026-05-13T18:06:13.747021
CAREPLUS,11644,True,False,True,True,False,2026-05-13T18:06:13.747024
CAREPLUS,10726,True,True,False,False,True,2026-05-13T18:06:13.747028
CAREPLUS,10586,True,True,False,True,True,2026-05-13T18:06:13.747032
CAREPLUS,10689,False,False,True,True,False,2026-05-13T18:06:13.747035
CAREPLUS,10653,False,False,True,False,True,2026-05-13T18:06:13.747038
CAREPLUS,10546,True,True,False,False,True,2026-05-13T18:06:13.747042
CAREPLUS,10734,True,False,False,False,False,2026-05-13T18:06:13.747046
CAREPLUS,10559,False,False,False,True,False,2026-05-13T18:06:13.747049
CAREPLUS,11507,True,True,False,True,True,2026-05-13T18:06:13.747053
CAREPLUS,11526,True,False,True,False,False,2026-05-13T18:06:13.747057
CAREPLUS,10934,True,True,False,False,False,2026-05-13T18:06:13.747060
CAREPLUS,10541,True,True,False,False,True,2026-05-13T18:06:13.747064
CAREPLUS,10828,True,False,False,True,True,2026-05-13T18:06:13.747067
CAREPLUS,10926,True,True,False,True,False,2026-05-13T18:06:13.747071
CAREPLUS,10863,True,True,False,False,True,2026-05-13T18:06:13.747074
CAREPLUS,10953,False,False,False,False,True,2026-05-13T18:06:13.747078
CAREPLUS,10566,True,True,False,False,True,2026-05-13T18:06:13.747081
CAREPLUS,10717,True,True,True,True,False,2026-05-13T18:06:13.747084
CAREPLUS,10572,True,True,True,True,False,2026-05-13T18:06:13.747088
CAREPLUS,11707,False,False,True,False,False,2026-05-13T18:06:13.747091
CAREPLUS,11533,False,True,False,True,True,2026-05-13T18:06:13.747095
CAREPLUS,10506,False,True,True,True,False,2026-05-13T18:06:13.747099
CAREPLUS,10648,True,True,False,True,False,2026-05-13T18:06:13.747102
CAREPLUS,10573,True,False,False,False,False,2026-05-13T18:06:13.747105
CAREPLUS,10646,True,True,False,True,True,2026-05-13T18:06:13.747109
CAREPLUS,10831,True,True,False,True,False,2026-05-13T18:06:13.747112
CAREPLUS,10911,True,True,False,False,False,2026-05-13T18:06:13.747116
CAREPLUS,29573,True,True,True,False,True,2026-05-13T18:06:13.747119
CAREPLUS,11657,False,True,False,True,False,2026-05-13T18:06:13.747123
CAREPLUS,10718,True,True,True,False,False,2026-05-13T18:06:13.747126
CAREPLUS,10604,True,True,False,False,False,2026-05-13T18:06:13.747129
CAREPLUS,10543,True,False,False,True,True,2026-05-13T18:06:13.747133
CAREPLUS,10607,False,False,True,True,False,2026-05-13T18:06:13.747136
CAREPLUS,10692,False,True,False,True,False,2026-05-13T18:06:13.747140
CAREPLUS,10994,True,True,True,True,True,2026-05-13T18:06:13.747143
CAREPLUS,10792,True,True,True,True,True,2026-05-13T18:06:13.747146
CAREPLUS,10832,True,True,True,False,False,2026-05-13T18:06:13.747149
CAREPLUS,10812,True,True,False,True,False,2026-05-13T18:06:13.747153
CAREPLUS,10531,True,False,False,True,False,2026-05-13T18:06:13.747156
CAREPLUS,10815,True,True,True,True,False,2026-05-13T18:06:13.747160
CAREPLUS,11721,False,False,False,True,False,2026-05-13T18:06:13.747163
CAREPLUS,10599,True,True,True,True,False,2026-05-13T18:06:13.747166
CAREPLUS,10644,True,True,False,True,True,2026-05-13T18:06:13.747170
CAREPLUS,10813,True,True,True,False,False,2026-05-13T18:06:13.747173
CAREPLUS,11661,True,True,True,False,False,2026-05-13T18:06:13.747177
CAREPLUS,10754,False,True,False,True,True,2026-05-13T18:06:13.747181
CAREPLUS,10898,True,True,False,True,False,2026-05-13T18:06:13.747185
CAREPLUS,10778,True,True,True,False,True,2026-05-13T18:06:13.747188
CAREPLUS,26025,True,True,True,False,False,2026-05-13T18:06:13.747192
CAREPLUS,10583,True,True,False,True,False,2026-05-13T18:06:13.747195
CAREPLUS,10764,True,True,True,False,True,2026-05-13T18:06:13.747199
CAREPLUS,29354,True,False,True,True,False,2026-05-13T18:06:13.747203
CAREPLUS,10501,True,True,False,False,True,2026-05-13T18:06:13.747206
CAREPLUS,10822,False,True,True,False,False,2026-05-13T18:06:13.747210
CAREPLUS,10896,True,True,False,True,False,2026-05-13T18:06:13.747214
CAREPLUS,10885,True,True,True,True,False,2026-05-13T18:06:13.747217
CAREPLUS,10596,False,True,False,False,False,2026-05-13T18:06:13.747221
CAREPLUS,10695,True,True,False,False,True,2026-05-13T18:06:13.747224
CAREPLUS,10817,True,False,False,False,True,2026-05-13T18:06:13.747228
CAREPLUS,24125,True,True,True,True,True,2026-05-13T18:06:13.747231
CAREPLUS,10649,True,False,False,True,False,2026-05-13T18:06:13.747235
CAREPLUS,10956,True,False,True,False,True,2026-05-13T18:06:13.747238
CAREPLUS,24036,True,True,True,False,False,2026-05-13T18:06:13.747242
CAREPLUS,11605,True,False,False,True,False,2026-05-13T18:06:13.747245
CAREPLUS,10705,True,False,False,True,False,2026-05-13T18:06:13.747248
CAREPLUS,10799,True,True,True,False,False,2026-05-13T18:06:13.747252
CAREPLUS,10622,True,True,True,True,True,2026-05-13T18:06:13.747256
CAREPLUS,10984,False,False,False,True,True,2026-05-13T18:06:13.747259
CAREPLUS,10757,False,False,True,True,True,2026-05-13T18:06:13.747263
CAREPLUS,11583,True,True,True,False,True,2026-05-13T18:06:13.747266
CAREPLUS,10500,True,True,False,True,False,2026-05-13T18:06:13.747270
CAREPLUS,11512,True,True,False,True,False,2026-05-13T18:06:13.747274
CAREPLUS,11639,False,True,False,False,False,2026-05-13T18:06:13.747277
CAREPLUS,10576,True,False,True,False,True,2026-05-13T18:06:13.747281
CAREPLUS,10978,False,True,False,True,False,2026-05-13T18:06:13.747285
CAREPLUS,10536,False,False,True,False,True,2026-05-13T18:06:13.747289
CAREPLUS,10995,True,False,True,True,False,2026-05-13T18:06:13.747292
CAREPLUS,10544,False,False,False,False,True,2026-05-13T18:06:13.747296
CAREPLUS,10875,True,True,False,True,False,2026-05-13T18:06:13.747299
CAREPLUS,10848,True,True,False,True,False,2026-05-13T18:06:13.747303
CAREPLUS,10666,False,True,True,True,True,2026-05-13T18:06:13.747306
CAREPLUS,10685,True,True,False,True,True,2026-05-13T18:06:13.747310
CAREPLUS,10636,True,True,False,True,True,2026-05-13T18:06:13.747313
CAREPLUS,10534,True,False,False,False,False,2026-05-13T18:06:13.747317
CAREPLUS,11555,True,True,False,False,True,2026-05-13T18:06:13.747320
CAREPLUS,11698,False,True,False,True,True,2026-05-13T18:06:13.747324
CAREPLUS,10932,False,False,False,True,True,2026-05-13T18:06:13.747328
CAREPLUS,10835,False,False,True,True,False,2026-05-13T18:06:13.747331
CAREPLUS,11723,True,False,False,True,True,2026-05-13T18:06:13.747335
CAREPLUS,10966,True,True,True,True,False,2026-05-13T18:06:13.747338
CAREPLUS,10725,True,True,False,True,False,2026-05-13T18:06:13.747342
CAREPLUS,10550,True,False,True,True,True,2026-05-13T18:06:13.747346
CAREPLUS,10748,True,True,True,True,False,2026-05-13T18:06:13.747349
CAREPLUS,11762,True,True,True,True,False,2026-05-13T18:06:13.747353
CAREPLUS,11775,True,True,False,False,False,2026-05-13T18:06:13.747356
CAREPLUS,10710,False,True,False,True,True,2026-05-13T18:06:13.747360
CAREPLUS,10959,True,True,True,True,False,2026-05-13T18:06:13.747363
CAREPLUS,10743,False,False,True,True,True,2026-05-13T18:06:13.747367
CAREPLUS,10816,False,True,True,True,False,2026-05-13T18:06:13.747370
CAREPLUS,10801,True,True,False,True,True,2026-05-13T18:06:13.747374
CAREPLUS,28196,False,True,False,True,False,2026-05-13T18:06:13.747382
CAREPLUS,11611,True,True,True,True,False,2026-05-13T18:06:13.747385
CAREPLUS,10676,True,True,False,True,False,2026-05-13T18:06:13.747389
CAREPLUS,10829,True,False,False,False,True,2026-05-13T18:06:13.747392
CAREPLUS,11549,False,False,True,True,False,2026-05-13T18:06:13.747396
CAREPLUS,10529,True,True,True,True,False,2026-05-13T18:06:13.747399
CAREPLUS,10702,True,True,True,False,False,2026-05-13T18:06:13.747403
CAREPLUS,10724,True,True,True,True,False,2026-05-13T18:06:13.747407
CAREPLUS,10840,False,False,False,False,True,2026-05-13T18:06:13.747410
CAREPLUS,10927,True,True,False,True,True,2026-05-13T18:06:13.747414
CAREPLUS,11524,False,True,False,True,True,2026-05-13T18:06:13.747418
CAREPLUS,10935,True,True,False,True,False,2026-05-13T18:06:13.747421
CAREPLUS,10997,True,False,True,True,False,2026-05-13T18:06:13.747425
CAREPLUS,10839,False,True,False,False,True,2026-05-13T18:06:13.747428
CAREPLUS,11753,True,True,False,False,True,2026-05-13T18:06:13.747440
CAREPLUS,26139,True,True,True,True,True,2026-05-13T18:06:13.747443
CAREPLUS,10785,False,True,False,True,True,2026-05-13T18:06:13.747447
CAREPLUS,24498,True,True,False,True,True,2026-05-13T18:06:13.747450
CAREPLUS,10951,True,True,True,False,False,2026-05-13T18:06:13.747453
CAREPLUS,26502,True,True,True,False,True,2026-05-13T18:06:13.747457
CAREPLUS,10549,True,True,False,True,False,2026-05-13T18:06:13.747461
CAREPLUS,10797,True,True,False,True,True,2026-05-13T18:06:13.747464
CAREPLUS,10806,False,True,False,True,True,2026-05-13T18:06:13.747468
CAREPLUS,10512,False,True,True,False,True,2026-05-13T18:06:13.747471
CAREPLUS,10847,True,False,False,True,False,2026-05-13T18:06:13.747474
CAREPLUS,10594,True,True,True,False,True,2026-05-13T18:06:13.747478
CAREPLUS,10569,False,True,False,False,False,2026-05-13T18:06:13.747482
CAREPLUS,10971,True,True,False,True,True,2026-05-13T18:06:13.747485
CAREPLUS,10513,True,False,True,True,False,2026-05-13T18:06:13.747489
CAREPLUS,10909,False,True,False,False,True,2026-05-13T18:06:13.747493
CAREPLUS,10992,False,True,True,True,False,2026-05-13T18:06:13.747497
CAREPLUS,10845,True,True,False,True,False,2026-05-13T18:06:13.747524
CAREPLUS,10948,True,False,False,False,False,2026-05-13T18:06:13.747529
CAREPLUS,10853,True,True,False,True,False,2026-05-13T18:06:13.747533
CAREPLUS,10986,True,True,True,True,False,2026-05-13T18:06:13.747537
CAREPLUS,11700,False,False,True,True,False,2026-05-13T18:06:13.747540
CAREPLUS,10888,True,True,False,True,False,2026-05-13T18:06:13.747544
CAREPLUS,10670,False,False,False,False,True,2026-05-13T18:06:13.747547
CAREPLUS,11516,False,True,True,True,True,2026-05-13T18:06:13.747551
CAREPLUS,11714,True,True,True,False,True,2026-05-13T18:06:13.747554
CAREPLUS,10530,True,False,False,False,False,2026-05-13T18:06:13.747557
CAREPLUS,11730,True,True,False,True,False,2026-05-13T18:06:13.747560
CAREPLUS,10758,False,True,False,True,True,2026-05-13T18:06:13.747564
CAREPLUS,10699,True,False,True,True,False,2026-05-13T18:06:13.747567
CAREPLUS,10714,True,False,True,True,False,2026-05-13T18:06:13.747571
CAREPLUS,10669,False,True,False,True,False,2026-05-13T18:06:13.747574
CAREPLUS,10958,True,True,True,False,False,2026-05-13T18:06:13.747578
CAREPLUS,11706,True,True,True,False,True,2026-05-13T18:06:13.747582
CAREPLUS,10568,True,True,False,False,False,2026-05-13T18:06:13.747585
CAREPLUS,10962,False,True,False,True,True,2026-05-13T18:06:13.747589
CAREPLUS,11722,True,True,True,False,False,2026-05-13T18:06:13.747592
CAREPLUS,10955,True,False,True,True,False,2026-05-13T18:06:13.747596
CAREPLUS,11505,True,False,False,True,True,2026-05-13T18:06:13.747600
CAREPLUS,11724,False,True,False,True,False,2026-05-13T18:06:13.747603
CAREPLUS,11742,True,False,True,True,False,2026-05-13T18:06:13.747607
CAREPLUS,10618,False,False,False,False,True,2026-05-13T18:06:13.747610
CAREPLUS,10982,True,False,True,False,True,2026-05-13T18:06:13.747613
CAREPLUS,10720,True,False,False,False,False,2026-05-13T18:06:13.747617
CAREPLUS,10874,True,True,True,False,False,2026-05-13T18:06:13.747621
CAREPLUS,25947,True,True,False,True,False,2026-05-13T18:06:13.747624
CAREPLUS,10981,False,True,False,False,False,2026-05-13T18:06:13.747628
CAREPLUS,23507,True,True,False,True,True,2026-05-13T18:06:13.747631
CAREPLUS,27780,True,True,True,True,False,2026-05-13T18:06:13.747634
CAREPLUS,10865,True,True,False,True,False,2026-05-13T18:06:13.747638
CAREPLUS,10791,True,False,True,True,True,2026-05-13T18:06:13.747641
CAREPLUS,10908,False,True,False,True,False,2026-05-13T18:06:13.747645
CAREPLUS,10993,False,True,True,True,False,2026-05-13T18:06:13.747648
CAREPLUS,10916,True,True,False,False,True,2026-05-13T18:06:13.747652
CAREPLUS,10551,True,True,False,True,False,2026-05-13T18:06:13.747655
CAREPLUS,10742,True,True,True,True,False,2026-05-13T18:06:13.747659
CAREPLUS,10658,True,True,False,True,True,2026-05-13T18:06:13.747662
CAREPLUS,10861,True,False,True,False,True,2026-05-13T18:06:13.747666
CAREPLUS,10741,False,False,False,True,False,2026-05-13T18:06:13.747670
CAREPLUS,10593,False,True,False,False,False,2026-05-13T18:06:13.747673
CAREPLUS,10777,True,False,False,True,False,2026-05-13T18:06:13.747677
CAREPLUS,10931,False,True,True,True,True,2026-05-13T18:06:13.747680
CAREPLUS,10527,True,True,False,False,False,2026-05-13T18:06:13.747683
CAREPLUS,10944,True,False,False,True,False,2026-05-13T18:06:13.747687
CAREPLUS,10539,True,True,False,True,False,2026-05-13T18:06:13.747690
CAREPLUS,29925,True,False,False,True,True,2026-05-13T18:06:13.747694
CAREPLUS,10616,True,False,True,True,False,2026-05-13T18:06:13.747697
CAREPLUS,10681,True,True,False,False,False,2026-05-13T18:06:13.747701
CAREPLUS,20916,True,False,False,True,False,2026-05-13T18:06:13.747704
CAREPLUS,10842,True,False,True,True,False,2026-05-13T18:06:13.747708
CAREPLUS,11537,True,True,True,False,False,2026-05-13T18:06:13.747711
CAREPLUS,11612,True,True,False,True,True,2026-05-13T18:06:13.747714
CAREPLUS,25395,True,True,False,True,False,2026-05-13T18:06:13.747718
CAREPLUS,27200,True,False,True,True,True,2026-05-13T18:06:13.747721
CAREPLUS,10651,True,True,True,True,True,2026-05-13T18:06:13.747725
CAREPLUS,11563,True,True,False,True,True,2026-05-13T18:06:13.747729
CAREPLUS,10873,True,True,True,True,True,2026-05-13T18:06:13.747732
CAREPLUS,10864,True,False,True,True,True,2026-05-13T18:06:13.747735
CAREPLUS,10780,True,False,True,False,False,2026-05-13T18:06:13.747739
CAREPLUS,10624,True,True,False,False,False,2026-05-13T18:06:13.747742
CAREPLUS,21833,True,True,False,True,False,2026-05-13T18:06:13.747746
CAREPLUS,10949,True,True,True,True,False,2026-05-13T18:06:13.747749
CAREPLUS,10904,True,True,True,True,False,2026-05-13T18:06:13.747753
CAREPLUS,10871,False,True,False,False,False,2026-05-13T18:06:13.747757
CAREPLUS,10920,True,True,False,True,True,2026-05-13T18:06:13.747761
CAREPLUS,10671,False,True,False,True,False,2026-05-13T18:06:13.747764
CAREPLUS,10503,True,False,False,True,False,2026-05-13T18:06:13.747768
CAREPLUS,10554,True,True,True,True,False,2026-05-13T18:06:13.747771
CAREPLUS,10897,True,False,True,True,True,2026-05-13T18:06:13.747775
CAREPLUS,10626,False,False,False,True,False,2026-05-13T18:06:13.747778
CAREPLUS,10733,True,True,True,True,False,2026-05-13T18:06:13.747782
CAREPLUS,10519,True,True,False,True,True,2026-05-13T18:06:13.747785
CAREPLUS,11624,True,False,False,True,False,2026-05-13T18:06:13.747789
CAREPLUS,11777,False,True,True,True,False,2026-05-13T18:06:13.747793
CAREPLUS,10893,True,True,False,True,True,2026-05-13T18:06:13.747796
CAREPLUS,10783,True,True,False,True,False,2026-05-13T18:06:13.747800
CAREPLUS,21850,True,True,True,False,True,2026-05-13T18:06:13.747803
CAREPLUS,10772,True,True,True,False,False,2026-05-13T18:06:13.747806
CAREPLUS,10760,True,False,False,True,True,2026-05-13T18:06:13.747810
CAREPLUS,10788,True,True,False,True,True,2026-05-13T18:06:13.747813
CAREPLUS,10713,True,False,True,True,False,2026-05-13T18:06:13.747816
CAREPLUS,10860,True,True,False,True,False,2026-05-13T18:06:13.747820
CAREPLUS,10590,True,True,True,True,False,2026-05-13T18:06:13.747823
CAREPLUS,10521,True,True,True,True,False,2026-05-13T18:06:13.747827
CAREPLUS,28133,True,True,False,True,False,2026-05-13T18:06:13.747830
CAREPLUS,10763,True,True,True,True,True,2026-05-13T18:06:13.747833
CAREPLUS,10834,True,False,True,True,False,2026-05-13T18:06:13.747837
CAREPLUS,10824,True,True,True,False,False,2026-05-13T18:06:13.747840
CAREPLUS,10844,False,False,False,True,False,2026-05-13T18:06:13.747844
CAREPLUS,10557,True,True,False,True,False,2026-05-13T18:06:13.747847
CAREPLUS,10759,True,False,False,False,True,2026-05-13T18:06:13.747851
CAREPLUS,10687,True,True,False,True,False,2026-05-13T18:06:13.747854
CAREPLUS,10868,True,False,True,False,False,2026-05-13T18:06:13.747858
CAREPLUS,10969,True,True,True,False,True,2026-05-13T18:06:13.747862
CAREPLUS,10942,True,True,False,True,True,2026-05-13T18:06:13.747865
CAREPLUS,10750,True,True,True,False,False,2026-05-13T18:06:13.747868
CAREPLUS,10744,False,False,True,True,False,2026-05-13T18:06:13.747872
CAREPLUS,10623,True,False,True,False,False,2026-05-13T18:06:13.747875
CAREPLUS,11615,True,True,False,False,False,2026-05-13T18:06:13.747879
CAREPLUS,10928,False,False,True,False,False,2026-05-13T18:06:13.747882
CAREPLUS,10711,True,True,False,True,True,2026-05-13T18:06:13.747886
CAREPLUS,22363,True,True,False,False,False,2026-05-13T18:06:13.747889
CAREPLUS,10850,True,False,True,True,False,2026-05-13T18:06:13.747893
CAREPLUS,10967,True,True,False,False,True,2026-05-13T18:06:13.747897
CAREPLUS,10841,False,False,False,True,False,2026-05-13T18:06:13.747900
CAREPLUS,10735,True,True,False,True,True,2026-05-13T18:06:13.747904
CAREPLUS,10972,False,True,False,False,False,2026-05-13T18:06:13.747907
CAREPLUS,10786,True,False,True,True,False,2026-05-13T18:06:13.747910
CAREPLUS,10638,True,False,False,False,False,2026-05-13T18:06:13.747914
CAREPLUS,10694,True,True,False,True,False,2026-05-13T18:06:13.747918
CAREPLUS,10876,True,True,True,False,True,2026-05-13T18:06:13.747921
CAREPLUS,10635,True,True,True,True,False,2026-05-13T18:06:13.747925
CAREPLUS,10857,True,True,False,False,False,2026-05-13T18:06:13.747929
CAREPLUS,10655,True,False,False,False,False,2026-05-13T18:06:13.747932
CAREPLUS,10856,True,True,True,False,False,2026-05-13T18:06:13.747936
CAREPLUS,10556,True,True,False,False,True,2026-05-13T18:06:13.747939
CAREPLUS,22869,True,True,False,True,False,2026-05-13T18:06:13.747942
CAREPLUS,10632,True,True,True,True,False,2026-05-13T18:06:13.747946
CAREPLUS,11558,True,True,False,False,False,2026-05-13T18:06:13.747949
CAREPLUS,10827,True,True,False,True,True,2026-05-13T18:06:13.747953
CAREPLUS,10775,False,True,True,True,True,2026-05-13T18:06:13.747956
CAREPLUS,10688,True,True,False,False,True,2026-05-13T18:06:13.747960
CAREPLUS,10597,True,True,False,True,False,2026-05-13T18:06:13.747963
CAREPLUS,10545,True,True,True,False,True,2026-05-13T18:06:13.747966
CAREPLUS,10838,True,False,False,True,True,2026-05-13T18:06:13.747970
CAREPLUS,10615,True,True,True,True,False,2026-05-13T18:06:13.747973
CAREPLUS,10952,True,True,False,False,True,2026-05-13T18:06:13.747976
CAREPLUS,10894,True,True,True,False,False,2026-05-13T18:06:13.747980
CAREPLUS,10553,False,False,True,True,False,2026-05-13T18:06:13.747983
CAREPLUS,10571,True,True,True,True,False,2026-05-13T18:06:13.747987
CAREPLUS,10878,True,True,False,True,True,2026-05-13T18:06:13.747990
CAREPLUS,10803,True,True,False,False,True,2026-05-13T18:06:13.747993
CAREPLUS,10614,False,False,True,True,False,2026-05-13T18:06:13.747997
CAREPLUS,10514,True,False,False,False,True,2026-05-13T18:06:13.748001
CAREPLUS,10976,False,True,True,False,False,2026-05-13T18:06:13.748004
CAREPLUS,10913,True,True,True,True,False,2026-05-13T18:06:13.748007
CAREPLUS,10925,True,True,True,False,True,2026-05-13T18:06:13.748011
CAREPLUS,11509,True,True,False,True,False,2026-05-13T18:06:13.748014
CAREPLUS,10732,True,True,False,True,False,2026-05-13T18:06:13.748017
CAREPLUS,10652,True,True,True,True,True,2026-05-13T18:06:13.748021
CAREPLUS,10941,True,True,True,False,True,2026-05-13T18:06:13.748024
CAREPLUS,10524,True,True,True,False,False,2026-05-13T18:06:13.748028
CAREPLUS,10846,True,False,True,True,True,2026-05-13T18:06:13.748031
CAREPLUS,11658,True,True,False,False,True,2026-05-13T18:06:13.748035
CAREPLUS,10784,True,False,False,True,True,2026-05-13T18:06:13.748038
CAREPLUS,10540,True,False,False,True,False,2026-05-13T18:06:13.748041
CAREPLUS,10950,True,False,False,False,False,2026-05-13T18:06:13.748045
CAREPLUS,22302,False,True,False,True,True,2026-05-13T18:06:13.748048
CAREPLUS,10945,True,True,False,True,False,2026-05-13T18:06:13.748052
CAREPLUS,10858,True,False,False,True,False,2026-05-13T18:06:13.748055
CAREPLUS,10654,True,False,True,True,False,2026-05-13T18:06:13.748059
CAREPLUS,11599,False,False,False,True,False,2026-05-13T18:06:13.748062
CAREPLUS,10548,True,False,True,True,False,2026-05-13T18:06:13.748066
CAREPLUS,10740,True,False,False,True,False,2026-05-13T18:06:13.748069
CAREPLUS,10535,True,False,False,True,True,2026-05-13T18:06:13.748073
CAREPLUS,10508,False,True,False,True,False,2026-05-13T18:06:13.748076
CAREPLUS,10672,True,True,True,True,False,2026-05-13T18:06:13.748080
CAREPLUS,10520,True,False,False,False,True,2026-05-13T18:06:13.748083
CAREPLUS,11687,True,False,False,False,True,2026-05-13T18:06:13.748087
CAREPLUS,10773,False,True,True,False,True,2026-05-13T18:06:13.748090
CAREPLUS,10518,True,True,True,False,True,2026-05-13T18:06:13.748094
CAREPLUS,10706,True,False,True,True,False,2026-05-13T18:06:13.748097
CAREPLUS,10567,True,False,True,False,False,2026-05-13T18:06:13.748100
CAREPLUS,10855,True,True,True,False,False,2026-05-13T18:06:13.748104
CAREPLUS,11590,True,True,False,False,False,2026-05-13T18:06:13.748107
CAREPLUS,10996,True,True,False,False,False,2026-05-13T18:06:13.748110
CAREPLUS,10794,True,True,False,False,False,2026-05-13T18:06:13.748114
CAREPLUS,10509,True,True,True,False,False,2026-05-13T18:06:13.748117
CAREPLUS,10877,True,True,True,False,False,2026-05-13T18:06:13.748121
CAREPLUS,21478,True,True,True,True,False,2026-05-13T18:06:13.748124
CAREPLUS,10795,True,True,False,True,True,2026-05-13T18:06:13.748128
CAREPLUS,11580,True,True,True,False,True,2026-05-13T18:06:13.748132
CAREPLUS,10918,True,True,False,False,False,2026-05-13T18:06:13.748135
CAREPLUS,10802,True,True,False,True,True,2026-05-13T18:06:13.748139
CAREPLUS,10973,True,False,True,False,False,2026-05-13T18:06:13.748142
CAREPLUS,23571,False,True,False,False,False,2026-05-13T18:06:13.748145
CAREPLUS,10587,True,True,False,True,True,2026-05-13T18:06:13.748149
CAREPLUS,10731,False,True,True,False,False,2026-05-13T18:06:13.748152
CAREPLUS,10563,True,True,True,False,False,2026-05-13T18:06:13.748156
CAREPLUS,10561,False,False,False,True,False,2026-05-13T18:06:13.748159
CAREPLUS,10968,True,True,False,True,False,2026-05-13T18:06:13.748163
CAREPLUS,11754,True,False,True,False,False,2026-05-13T18:06:13.748166
CAREPLUS,22374,True,True,True,False,False,2026-05-13T18:06:13.748170
CAREPLUS,10755,False,True,False,True,False,2026-05-13T18:06:13.748173
CAREPLUS,10752,True,False,False,True,True,2026-05-13T18:06:13.748177
CAREPLUS,11531,True,False,True,True,False,2026-05-13T18:06:13.748180
CAREPLUS,10600,True,True,True,True,True,2026-05-13T18:06:13.748184
CAREPLUS,10946,True,True,False,True,True,2026-05-13T18:06:13.748188
CAREPLUS,10880,True,False,True,False,False,2026-05-13T18:06:13.748191
CAREPLUS,11571,False,True,False,True,False,2026-05-13T18:06:13.748195
CAREPLUS,10722,False,False,True,False,False,2026-05-13T18:06:13.748199
CAREPLUS,10849,False,False,True,True,True,2026-05-13T18:06:13.748203
CAREPLUS,23865,True,True,False,True,True,2026-05-13T18:06:13.748206
CAREPLUS,11579,False,True,True,False,True,2026-05-13T18:06:13.748210
CAREPLUS,10793,False,False,False,False,True,2026-05-13T18:06:13.748213
CAREPLUS,10538,True,True,True,False,False,2026-05-13T18:06:13.748217
CAREPLUS,11646,True,True,True,True,False,2026-05-13T18:06:13.748220
CAREPLUS,10811,True,False,True,True,False,2026-05-13T18:06:13.748224
CAREPLUS,10642,False,False,True,False,False,2026-05-13T18:06:13.748227
CAREPLUS,24166,False,False,False,False,True,2026-05-13T18:06:13.748231
CAREPLUS,11638,True,False,False,False,True,2026-05-13T18:06:13.748234
CAREPLUS,11711,True,True,False,False,True,2026-05-13T18:06:13.748238
CAREPLUS,10769,True,True,True,False,False,2026-05-13T18:06:13.748241
CAREPLUS,10608,True,True,False,True,True,2026-05-13T18:06:13.748245
CAREPLUS,10808,True,True,False,True,True,2026-05-13T18:06:13.748248
CAREPLUS,25185,False,True,True,True,False,2026-05-13T18:06:13.748252
CAREPLUS,11625,False,True,True,False,False,2026-05-13T18:06:13.748255
CAREPLUS,11671,True,False,False,False,False,2026-05-13T18:06:13.748259
CAREPLUS,10787,True,True,False,True,False,2026-05-13T18:06:13.748263
CAREPLUS,10619,True,True,False,True,True,2026-05-13T18:06:13.748266
CAREPLUS,11743,True,True,False,True,False,2026-05-13T18:06:13.748270
CAREPLUS,10915,True,False,False,False,False,2026-05-13T18:06:13.748274
CAREPLUS,10738,False,False,True,False,False,2026-05-13T18:06:13.748277
CAREPLUS,28941,False,True,False,False,False,2026-05-13T18:06:13.748281
CAREPLUS,10668,False,True,False,True,True,2026-05-13T18:06:13.748284
CAREPLUS,10979,True,True,True,False,False,2026-05-13T18:06:13.748288
CAREPLUS,10505,True,True,False,True,False,2026-05-13T18:06:13.748291
CAREPLUS,10852,False,True,False,True,True,2026-05-13T18:06:13.748295
CAREPLUS,11710,False,True,False,True,True,2026-05-13T18:06:13.748298
CAREPLUS,11674,True,True,False,True,False,2026-05-13T18:06:13.748302
CAREPLUS,10990,True,True,True,True,False,2026-05-13T18:06:13.748306
CAREPLUS,10660,True,False,False,True,True,2026-05-13T18:06:13.748309
CAREPLUS,10574,False,False,False,True,False,2026-05-13T18:06:13.748313
CAREPLUS,10886,True,True,False,True,True,2026-05-13T18:06:13.748317
CAREPLUS,10690,True,True,False,True,True,2026-05-13T18:06:13.748320
CAREPLUS,10836,True,True,True,False,False,2026-05-13T18:06:13.748324
CAREPLUS,11720,True,False,True,True,False,2026-05-13T18:06:13.748327
CAREPLUS,10537,False,True,False,False,True,2026-05-13T18:06:13.748331
CAREPLUS,26943,True,True,False,True,False,2026-05-13T18:06:13.748334
CAREPLUS,10683,True,True,False,False,False,2026-05-13T18:06:13.748338
CAREPLUS,28034,True,True,False,False,True,2026-05-13T18:06:13.748341
CAREPLUS,21750,True,True,True,True,False,2026-05-13T18:06:13.748355
CAREPLUS,10665,True,True,True,True,False,2026-05-13T18:06:13.748359
CAREPLUS,10592,False,False,False,True,False,2026-05-13T18:06:13.748362
CAREPLUS,10977,True,True,False,False,True,2026-05-13T18:06:13.748366
CAREPLUS,10991,False,True,True,True,False,2026-05-13T18:06:13.748369
CAREPLUS,10703,True,True,False,False,False,2026-05-13T18:06:13.748373
CAREPLUS,11740,True,True,False,True,True,2026-05-13T18:06:13.748381
CAREPLUS,10771,True,False,False,True,True,2026-05-13T18:06:13.748384
CAREPLUS,11569,False,False,True,True,False,2026-05-13T18:06:13.748387
CAREPLUS,10809,True,True,True,True,False,2026-05-13T18:06:13.748391
CAREPLUS,10957,True,True,True,False,False,2026-05-13T18:06:13.748394
CAREPLUS,10709,True,True,False,False,True,2026-05-13T18:06:13.748398
CAREPLUS,10936,True,True,True,True,False,2026-05-13T18:06:13.748402
CAREPLUS,11586,True,False,True,True,True,2026-05-13T18:06:13.748405
CAREPLUS,10761,True,False,True,True,False,2026-05-13T18:06:13.748409
CAREPLUS,10517,True,True,False,True,False,2026-05-13T18:06:13.748412
CAREPLUS,10585,True,False,True,False,False,2026-05-13T18:06:13.748416
CAREPLUS,10730,True,False,True,True,True,2026-05-13T18:06:13.748420
CAREPLUS,10532,True,True,False,False,False,2026-05-13T18:06:13.748423
CAREPLUS,11744,True,True,True,True,True,2026-05-13T18:06:13.748427
CAREPLUS,11540,True,False,True,True,False,2026-05-13T18:06:13.748430
CAREPLUS,10680,True,True,False,False,False,2026-05-13T18:06:13.748434
CAREPLUS,28605,True,True,True,False,False,2026-05-13T18:06:13.748437
CAREPLUS,10963,True,True,True,True,True,2026-05-13T18:06:13.748440
CAREPLUS,10719,True,True,True,True,True,2026-05-13T18:06:13.748444
CAREPLUS,10696,True,True,False,True,False,2026-05-13T18:06:13.748447
CAREPLUS,10988,True,True,False,False,False,2026-05-13T18:06:13.748450
CAREPLUS,10555,True,False,True,True,False,2026-05-13T18:06:13.748454
CAREPLUS,10818,False,True,False,True,True,2026-05-13T18:06:13.748457
CAREPLUS,10663,False,True,False,True,True,2026-05-13T18:06:13.748461
CAREPLUS,10917,True,False,True,True,True,2026-05-13T18:06:13.748464
CAREPLUS,10639,False,True,True,True,False,2026-05-13T18:06:13.748468
CAREPLUS,10882,True,False,False,True,False,2026-05-13T18:06:13.748471
CAREPLUS,23900,True,False,False,True,True,2026-05-13T18:06:13.748475
CAREPLUS,11727,False,True,False,True,False,2026-05-13T18:06:13.748479
CAREPLUS,11726,True,False,False,True,False,2026-05-13T18:06:13.748482
CAREPLUS,10721,False,True,False,True,False,2026-05-13T18:06:13.748486
CAREPLUS,10749,False,True,True,True,True,2026-05-13T18:06:13.748490
CAREPLUS,10869,True,True,False,True,False,2026-05-13T18:06:13.748494
CAREPLUS,24550,True,True,True,True,False,2026-05-13T18:06:13.748497
CAREPLUS,10938,True,False,False,True,True,2026-05-13T18:06:13.748524
CAREPLUS,27786,True,True,True,True,False,2026-05-13T18:06:13.748529
CAREPLUS,10659,True,False,False,False,False,2026-05-13T18:06:13.748534
CAREPLUS,10800,False,True,False,True,False,2026-05-13T18:06:13.748538
CAREPLUS,10892,True,True,True,True,False,2026-05-13T18:06:13.748542
CAREPLUS,10906,True,True,True,True,False,2026-05-13T18:06:13.748546
CAREPLUS,10798,False,True,False,False,False,2026-05-13T18:06:13.748549
CAREPLUS,25049,True,True,True,False,False,2026-05-13T18:06:13.748552
CAREPLUS,10701,True,False,True,True,False,2026-05-13T18:06:13.748556
CAREPLUS,10643,True,True,False,True,False,2026-05-13T18:06:13.748560
CAREPLUS,10867,True,True,True,True,False,2026-05-13T18:06:13.748563
CAREPLUS,10933,True,True,False,False,False,2026-05-13T18:06:13.748567
CAREPLUS,10851,True,True,True,True,False,2026-05-13T18:06:13.748570
CAREPLUS,11589,True,False,False,False,False,2026-05-13T18:06:13.748573
CAREPLUS,10588,True,True,True,False,True,2026-05-13T18:06:13.748576
CAREPLUS,10628,True,False,False,True,False,2026-05-13T18:06:13.748580
CAREPLUS,10989,True,False,False,True,True,2026-05-13T18:06:13.748583
CAREPLUS,10704,False,False,True,True,False,2026-05-13T18:06:13.748587
CAREPLUS,10983,True,False,True,False,False,2026-05-13T18:06:13.748590
CAREPLUS,10723,True,True,False,True,False,2026-05-13T18:06:13.748594
CAREPLUS,10753,True,True,True,True,False,2026-05-13T18:06:13.748598
CAREPLUS,10914,False,False,True,True,False,2026-05-13T18:06:13.748601
CAREPLUS,10881,True,True,True,True,True,2026-05-13T18:06:13.748605
CAREPLUS,10739,True,False,False,True,True,2026-05-13T18:06:13.748608
CAREPLUS,10650,True,True,True,True,True,2026-05-13T18:06:13.748612
CAREPLUS,10833,True,True,True,True,False,2026-05-13T18:06:13.748616
CAREPLUS,10782,True,True,False,True,False,2026-05-13T18:06:13.748619
CAREPLUS,10862,True,True,True,True,False,2026-05-13T18:06:13.748623
CAREPLUS,10678,True,True,False,True,False,2026-05-13T18:06:13.748626
CAREPLUS,10547,True,True,False,False,False,2026-05-13T18:06:13.748630
CAREPLUS,11741,True,False,False,False,True,2026-05-13T18:06:13.748633
CAREPLUS,10746,True,False,False,True,False,2026-05-13T18:06:13.748637
CAREPLUS,10640,False,True,False,True,True,2026-05-13T18:06:13.748640
CAREPLUS,10637,False,False,False,True,False,2026-05-13T18:06:13.748644
CAREPLUS,10564,False,True,False,True,False,2026-05-13T18:06:13.748647
CAREPLUS,10854,True,True,False,False,True,2026-05-13T18:06:13.748651
CAREPLUS,10872,True,False,True,True,True,2026-05-13T18:06:13.748655
CAREPLUS,10542,False,True,False,True,False,2026-05-13T18:06:13.748659
CAREPLUS,10612,True,True,False,True,False,2026-05-13T18:06:13.748662
CAREPLUS,10570,False,False,False,False,False,2026-05-13T18:06:13.748666
CAREPLUS,10667,True,True,False,True,False,2026-05-13T18:06:13.748669
CAREPLUS,10987,True,False,False,True,False,2026-05-13T18:06:13.748673
CAREPLUS,10611,False,False,True,True,False,2026-05-13T18:06:13.748676
CAREPLUS,10960,True,True,True,True,False,2026-05-13T18:06:13.748680
CAREPLUS,10558,True,True,False,True,False,2026-05-13T18:06:13.748683
CAREPLUS,10686,True,False,True,True,False,2026-05-13T18:06:13.748686
CAREPLUS,10943,True,False,True,True,True,2026-05-13T18:06:13.748690
CAREPLUS,10610,False,True,False,False,False,2026-05-13T18:06:13.748693
CAREPLUS,26928,True,True,False,True,False,2026-05-13T18:06:13.748697
CAREPLUS,10889,False,True,True,True,False,2026-05-13T18:06:13.748700
CAREPLUS,10762,True,False,True,False,True,2026-05-13T18:06:13.748704
CAREPLUS,10765,True,True,False,True,False,2026-05-13T18:06:13.748707
CAREPLUS,11573,True,True,True,True,True,2026-05-13T18:06:13.748711
CAREPLUS,11692,False,True,False,True,False,2026-05-13T18:06:13.748715
CAREPLUS,11669,False,True,True,True,False,2026-05-13T18:06:13.748718
CAREPLUS,28551,True,True,False,True,True,2026-05-13T18:06:13.748722
CAREPLUS,10598,True,True,True,True,False,2026-05-13T18:06:13.748725
CAREPLUS,10562,True,True,True,True,False,2026-05-13T18:06:13.748729
CAREPLUS,10974,True,True,False,True,False,2026-05-13T18:06:13.748732
CAREPLUS,10630,True,False,True,False,False,2026-05-13T18:06:13.748736
CAREPLUS,10879,True,True,True,False,False,2026-05-13T18:06:13.748739
CAREPLUS,10767,True,True,False,False,False,2026-05-13T18:06:13.748742
CAREPLUS,10581,True,False,False,True,False,2026-05-13T18:06:13.748746
CAREPLUS,10502,False,True,False,True,False,2026-05-13T18:06:13.748749
CAREPLUS,10779,False,True,False,True,False,2026-05-13T18:06:13.748753
CAREPLUS,10807,True,True,False,True,False,2026-05-13T18:06:13.748756
CAREPLUS,11686,True,True,False,True,False,2026-05-13T18:06:13.748759
CAREPLUS,11634,True,True,False,False,True,2026-05-13T18:06:13.748762
CAREPLUS,11607,False,True,False,False,True,2026-05-13T18:06:13.748766
CAREPLUS,10675,True,False,False,True,False,2026-05-13T18:06:13.748769
CAREPLUS,10999,True,True,False,True,False,2026-05-13T18:06:13.748773
CAREPLUS,10560,True,True,True,True,False,2026-05-13T18:06:13.748777
CAREPLUS,11761,True,False,False,True,False,2026-05-13T18:06:13.748780
CAREPLUS,10937,True,True,False,False,False,2026-05-13T18:06:13.748784
CAREPLUS,10810,False,True,False,True,True,2026-05-13T18:06:13.748787
CAREPLUS,10823,True,False,False,False,False,2026-05-13T18:06:13.748791
CAREPLUS,11695,True,True,True,True,False,2026-05-13T18:06:13.748795
CAREPLUS,10837,True,True,False,True,False,2026-05-13T18:06:13.748798
CAREPLUS,10682,True,False,True,False,False,2026-05-13T18:06:13.748801
CAREPLUS,10510,True,True,True,False,False,2026-05-13T18:06:13.748805
CAREPLUS,10805,True,True,True,True,True,2026-05-13T18:06:13.748808
CAREPLUS,28740,False,True,False,True,False,2026-05-13T18:06:13.748812
CAREPLUS,10664,True,False,False,True,False,2026-05-13T18:06:13.748815
CAREPLUS,10961,True,True,True,False,True,2026-05-13T18:06:13.748819
CAREPLUS,10821,False,True,False,False,False,2026-05-13T18:06:13.748822
CAREPLUS,10884,True,True,True,False,True,2026-05-13T18:06:13.748825
CAREPLUS,10929,True,True,True,True,True,2026-05-13T18:06:13.748829
CAREPLUS,10715,True,True,True,True,False,2026-05-13T18:06:13.748832
CAREPLUS,10578,False,True,True,True,False,2026-05-13T18:06:13.748836
CAREPLUS,10998,False,True,True,True,False,2026-05-13T18:06:13.748839
CAREPLUS,10575,True,False,False,True,True,2026-05-13T18:06:13.748843
CAREPLUS,10923,True,True,True,True,False,2026-05-13T18:06:13.748846
CAREPLUS,10522,True,True,False,True,False,2026-05-13T18:06:13.748849
CAREPLUS,23867,False,True,True,True,True,2026-05-13T18:06:13.748853
CAREPLUS,10603,False,False,True,True,True,2026-05-13T18:06:13.748856
CAREPLUS,11738,True,True,False,False,False,2026-05-13T18:06:13.748860
CAREPLUS,10712,True,True,False,True,False,2026-05-13T18:06:13.748863
CAREPLUS,10870,True,True,False,True,True,2026-05-13T18:06:13.748867
CAREPLUS,21976,True,True,True,False,True,2026-05-13T18:06:13.748870
CAREPLUS,10579,True,True,True,True,False,2026-05-13T18:06:13.748874
CAREPLUS,11631,True,True,False,False,True,2026-05-13T18:06:13.748877
CAREPLUS,10684,True,True,False,True,False,2026-05-13T18:06:13.748881
CAREPLUS,10768,False,True,False,True,False,2026-05-13T18:06:13.748884
CAREPLUS,10789,True,False,True,True,False,2026-05-13T18:06:13.748887
CAREPLUS,10645,True,True,False,True,False,2026-05-13T18:06:13.748891
CAREPLUS,10609,True,False,True,False,False,2026-05-13T18:06:13.748894
CAREPLUS,10625,False,False,False,False,False,2026-05-13T18:06:13.748898
CAREPLUS,10970,True,False,False,True,False,2026-05-13T18:06:13.748901
CAREPLUS,10613,True,True,True,True,False,2026-05-13T18:06:13.748904
CAREPLUS,10605,False,True,True,True,False,2026-05-13T18:06:13.748908
CAREPLUS,10523,False,True,False,False,True,2026-05-13T18:06:13.748911
CAREPLUS,10647,True,False,True,False,True,2026-05-13T18:06:13.748915
CAREPLUS,10584,True,True,True,False,True,2026-05-13T18:06:13.748918
CAREPLUS,10781,True,False,False,False,False,2026-05-13T18:06:13.748922
CAREPLUS,11621,True,True,False,True,True,2026-05-13T18:06:13.748925
CAREPLUS,11575,True,True,False,True,False,2026-05-13T18:06:13.748929
CAREPLUS,10887,True,False,False,True,False,2026-05-13T18:06:13.748933
CAREPLUS,10751,True,False,False,False,True,2026-05-13T18:06:13.748936
CAREPLUS,20345,True,False,True,True,False,2026-05-13T18:06:13.748940
CAREPLUS,10698,True,True,False,True,False,2026-05-13T18:06:13.748943
CAREPLUS,10804,True,True,False,True,False,2026-05-13T18:06:13.748947
CAREPLUS,10727,False,False,True,False,False,2026-05-13T18:06:13.748951
CAREPLUS,10745,True,False,False,False,False,2026-05-13T18:06:13.748954
CAREPLUS,10691,False,True,True,False,True,2026-05-13T18:06:13.748957
CAREPLUS,10866,True,True,True,True,True,2026-05-13T18:06:13.748961
CAREPLUS,10964,True,True,True,False,True,2026-05-13T18:06:13.748964
CAREPLUS,10633,True,True,True,True,False,2026-05-13T18:06:13.748968
CAREPLUS,10525,True,True,True,True,False,2026-05-13T18:06:13.748971
CAREPLUS,10891,True,True,True,True,False,2026-05-13T18:06:13.748975
CAREPLUS,10580,True,True,False,False,True,2026-05-13T18:06:13.748978
CAREPLUS,11517,True,True,False,True,False,2026-05-13T18:06:13.748982
CAREPLUS,10528,True,False,False,True,False,2026-05-13T18:06:13.748985
CAREPLUS,10656,True,True,False,True,True,2026-05-13T18:06:13.748989
CAREPLUS,10511,False,True,False,True,True,2026-05-13T18:06:13.748992
CAREPLUS,11593,True,True,False,True,True,2026-05-13T18:06:13.748996
CAREPLUS,11663,True,True,True,True,False,2026-05-13T18:06:13.748999
CAREPLUS,11562,True,True,True,True,False,2026-05-13T18:06:13.749003
CAREPLUS,10595,True,True,True,True,True,2026-05-13T18:06:13.749006
CAREPLUS,10708,True,True,True,False,False,2026-05-13T18:06:13.749010
CAREPLUS,10830,False,False,False,True,False,2026-05-13T18:06:13.749013
CAREPLUS,11596,False,True,True,False,False,2026-05-13T18:06:13.749017
CAREPLUS,11550,True,True,False,False,True,2026-05-13T18:06:13.749021
CAREPLUS,10766,True,True,True,False,True,2026-05-13T18:06:13.749024
CAREPLUS,10901,True,False,True,True,False,2026-05-13T18:06:13.749027
CAREPLUS,10621,False,True,True,True,False,2026-05-13T18:06:13.749031
CAREPLUS,25134,False,True,True,True,True,2026-05-13T18:06:13.749034
CAREPLUS,10629,True,True,False,True,False,2026-05-13T18:06:13.749038
CAREPLUS,11776,True,True,True,False,True,2026-05-13T18:06:13.749042
CAREPLUS,10736,True,False,False,False,False,2026-05-13T18:06:13.749045
CAREPLUS,10947,True,True,False,False,False,2026-05-13T18:06:13.749049
CAREPLUS,10662,True,True,True,True,False,2026-05-13T18:06:13.749052
CAREPLUS,26690,True,False,True,True,True,2026-05-13T18:06:13.749056
CAREPLUS,11653,False,False,True,False,False,2026-05-13T18:06:13.749060
CAREPLUS,10912,True,True,False,True,True,2026-05-13T18:06:13.749063
CAREPLUS,10677,False,False,False,True,True,2026-05-13T18:06:13.749067
CAREPLUS,10899,True,True,True,True,True,2026-05-13T18:06:13.749070
CAREPLUS,10631,True,False,False,True,False,2026-05-13T18:06:13.749074
CAREPLUS,10939,False,True,False,True,True,2026-05-13T18:06:13.749077
CAREPLUS,11618,True,True,True,False,False,2026-05-13T18:06:13.749080
CAREPLUS,10552,False,True,False,True,False,2026-05-13T18:06:13.749084
CAREPLUS,10902,False,True,True,True,False,2026-05-13T18:06:13.749087
CAREPLUS,10697,False,True,True,True,False,2026-05-13T18:06:13.749091
CAREPLUS,10900,True,False,True,False,True,2026-05-13T18:06:13.749094
CAREPLUS,11560,False,True,False,True,False,2026-05-13T18:06:13.749098
CAREPLUS,11676,False,True,False,False,False,2026-05-13T18:06:13.749102
CAREPLUS,10940,False,True,False,True,False,2026-05-13T18:06:13.749105
CAREPLUS,11600,True,False,True,True,False,2026-05-13T18:06:13.749108
CAREPLUS,10674,True,True,True,False,True,2026-05-13T18:06:13.749112
CAREPLUS,10843,True,True,False,False,False,2026-05-13T18:06:13.749115
CAREPLUS,10825,True,True,False,False,False,2026-05-13T18:06:13.749119
CAREPLUS,29658,True,False,True,True,True,2026-05-13T18:06:13.749122
CAREPLUS,11701,True,False,False,True,False,2026-05-13T18:06:13.749125
CAREPLUS,10657,True,True,True,False,False,2026-05-13T18:06:13.749129
CAREPLUS,10526,True,False,True,False,True,2026-05-13T18:06:13.749132
CAREPLUS,10515,True,True,True,False,False,2026-05-13T18:06:13.749136
CAREPLUS,11737,False,True,True,False,False,2026-05-13T18:06:13.749139
CAREPLUS,11682,True,False,False,False,False,2026-05-13T18:06:13.749142
CAREPLUS,10504,True,False,True,True,False,2026-05-13T18:06:13.749146
CAREPLUS,10747,False,True,False,False,False,2026-05-13T18:06:13.749149
CAREPLUS,10924,True,True,False,False,False,2026-05-13T18:06:13.749153
CAREPLUS,10814,True,True,False,True,False,2026-05-13T18:06:13.749156
CAREPLUS,10770,False,True,False,False,True,2026-05-13T18:06:13.749159
CAREPLUS,10774,True,True,False,True,True,2026-05-13T18:06:13.749163
CAREPLUS,11778,True,False,True,False,False,2026-05-13T18:06:13.749166
CAREPLUS,26388,False,False,False,True,False,2026-05-13T18:06:13.749170
CAREPLUS,10729,True,True,False,False,False,2026-05-13T18:06:13.749173
CAREPLUS,10883,True,False,False,True,False,2026-05-13T18:06:13.749177
CAREPLUS,10507,False,True,True,True,False,2026-05-13T18:06:13.749180
CAREPLUS,10905,False,True,False,True,True,2026-05-13T18:06:13.749184
CAREPLUS,10922,False,True,False,True,False,2026-05-13T18:06:13.749188
CAREPLUS,10975,False,False,True,True,True,2026-05-13T18:06:13.749192
CAREPLUS,10859,True,False,False,True,True,2026-05-13T18:06:13.749195
CAREPLUS,10627,True,False,False,True,False,2026-05-13T18:06:13.749199
CAREPLUS,10980,True,True,True,True,False,2026-05-13T18:06:13.749203
CAREPLUS,10700,True,False,True,True,False,2026-05-13T18:06:13.749206
CAREPLUS,10617,False,True,False,False,False,2026-05-13T18:06:13.749210
CAREPLUS,10890,False,True,False,False,False,2026-05-13T18:06:13.749213
CAREPLUS,11542,True,False,False,True,False,2026-05-13T18:06:13.749217
CAREPLUS,10965,True,True,False,False,False,2026-05-13T18:06:13.749220
CAREPLUS,10728,False,True,False,False,False,2026-05-13T18:06:13.749224
CAREPLUS,10716,True,True,True,True,True,2026-05-13T18:06:13.749227
CAREPLUS,10930,False,True,True,True,False,2026-05-13T18:06:13.749231
CAREPLUS,10796,True,True,True,True,False,2026-05-13T18:06:13.749234
CAREPLUS,10533,True,True,True,False,False,2026-05-13T18:06:13.749238
CAREPLUS,11628,False,True,False,False,False,2026-05-13T18:06:13.749241
CAREPLUS,22003,False,False,False,False,True,2026-05-13T18:06:13.749245
CAREPLUS,10954,False,True,True,True,True,2026-05-13T18:06:13.749248
CAREPLUS,10602,False,True,True,False,True,2026-05-13T18:06:13.749252
CAREPLUS,11522,True,True,False,True,False,2026-05-13T18:06:13.749255
CAREPLUS,11739,True,True,True,True,False,2026-05-13T18:06:13.749258
CAREPLUS,29509,True,True,False,False,False,2026-05-13T18:06:13.749262
CAREPLUS,11779,False,True,True,True,False,2026-05-13T18:06:13.749265
CAREPLUS,10921,True,False,True,True,False,2026-05-13T18:06:13.749269
CAREPLUS,11725,True,True,False,True,False,2026-05-13T18:06:13.749272
CAREPLUS,10516,False,True,True,True,True,2026-05-13T18:06:13.749276
CAREPLUS,10591,True,True,False,True,True,2026-05-13T18:06:13.749279
CAREPLUS,10606,False,True,True,False,False,2026-05-13T18:06:13.749282
CAREPLUS,10589,False,False,False,True,True,2026-05-13T18:06:13.749285
CAREPLUS,10601,True,False,False,True,True,2026-05-13T18:06:13.749289
CAREPLUS,11731,True,True,True,False,True,2026-05-13T18:06:13.749292
CAREPLUS,10790,True,False,True,False,True,2026-05-13T18:06:13.749296
CAREPLUS,11774,True,True,False,False,False,2026-05-13T18:06:13.749299
HEALTHBRIDGE,11119,True,True,True,False,False,2026-05-13T18:06:13.749304
HEALTHBRIDGE,11101,True,True,False,True,False,2026-05-13T18:06:13.749307
HEALTHBRIDGE,11108,True,False,False,False,False,2026-05-13T18:06:13.749310
HEALTHBRIDGE,11597,True,True,True,False,False,2026-05-13T18:06:13.749314
HEALTHBRIDGE,11755,True,True,True,False,True,2026-05-13T18:06:13.749317
HEALTHBRIDGE,11194,False,True,True,True,False,2026-05-13T18:06:13.749321
HEALTHBRIDGE,11131,False,True,False,True,False,2026-05-13T18:06:13.749325
HEALTHBRIDGE,11324,False,True,True,True,False,2026-05-13T18:06:13.749329
HEALTHBRIDGE,11211,True,False,False,True,False,2026-05-13T18:06:13.749332
HEALTHBRIDGE,11283,True,True,True,True,False,2026-05-13T18:06:13.749336
HEALTHBRIDGE,11405,True,True,True,True,True,2026-05-13T18:06:13.749339
HEALTHBRIDGE,11186,True,False,True,False,False,2026-05-13T18:06:13.749343
HEALTHBRIDGE,11202,True,False,True,True,False,2026-05-13T18:06:13.749346
HEALTHBRIDGE,11291,True,True,True,True,True,2026-05-13T18:06:13.749349
HEALTHBRIDGE,11281,True,True,True,True,False,2026-05-13T18:06:13.749353
HEALTHBRIDGE,11411,False,False,False,True,False,2026-05-13T18:06:13.749356
HEALTHBRIDGE,11396,True,True,True,True,True,2026-05-13T18:06:13.749360
HEALTHBRIDGE,11022,True,True,True,True,True,2026-05-13T18:06:13.749363
HEALTHBRIDGE,11332,True,False,False,True,False,2026-05-13T18:06:13.749367
HEALTHBRIDGE,11219,True,True,False,False,True,2026-05-13T18:06:13.749370
HEALTHBRIDGE,22374,True,False,True,False,False,2026-05-13T18:06:13.749374
HEALTHBRIDGE,11539,True,True,False,True,False,2026-05-13T18:06:13.749382
HEALTHBRIDGE,11377,True,False,False,True,False,2026-05-13T18:06:13.749385
HEALTHBRIDGE,11134,True,False,True,True,False,2026-05-13T18:06:13.749388
HEALTHBRIDGE,11734,True,True,False,False,False,2026-05-13T18:06:13.749392
HEALTHBRIDGE,11176,True,True,False,True,True,2026-05-13T18:06:13.749395
HEALTHBRIDGE,11190,True,True,False,True,False,2026-05-13T18:06:13.749399
HEALTHBRIDGE,11095,False,True,False,False,False,2026-05-13T18:06:13.749402
HEALTHBRIDGE,11135,True,True,True,True,True,2026-05-13T18:06:13.749405
HEALTHBRIDGE,11347,True,False,True,False,False,2026-05-13T18:06:13.749409
HEALTHBRIDGE,11380,True,True,False,True,False,2026-05-13T18:06:13.749413
HEALTHBRIDGE,11375,True,False,False,True,False,2026-05-13T18:06:13.749416
HEALTHBRIDGE,11492,True,True,True,True,True,2026-05-13T18:06:13.749470
HEALTHBRIDGE,11708,False,False,True,True,False,2026-05-13T18:06:13.749477
HEALTHBRIDGE,11407,False,True,True,True,False,2026-05-13T18:06:13.749481
HEALTHBRIDGE,11080,True,True,True,False,True,2026-05-13T18:06:13.749485
HEALTHBRIDGE,11397,True,False,True,False,False,2026-05-13T18:06:13.749488
HEALTHBRIDGE,11476,False,True,True,True,False,2026-05-13T18:06:13.749492
HEALTHBRIDGE,11205,False,False,True,False,False,2026-05-13T18:06:13.749495
HEALTHBRIDGE,11413,True,True,True,False,False,2026-05-13T18:06:13.749522
HEALTHBRIDGE,11043,True,True,False,False,False,2026-05-13T18:06:13.749527
HEALTHBRIDGE,11093,True,True,True,True,False,2026-05-13T18:06:13.749532
HEALTHBRIDGE,22363,True,True,False,True,False,2026-05-13T18:06:13.749536
HEALTHBRIDGE,11515,True,False,False,True,False,2026-05-13T18:06:13.749539
HEALTHBRIDGE,11286,False,True,True,True,True,2026-05-13T18:06:13.749543
HEALTHBRIDGE,11203,False,False,False,False,True,2026-05-13T18:06:13.749546
HEALTHBRIDGE,11220,True,True,False,True,False,2026-05-13T18:06:13.749550
HEALTHBRIDGE,22869,False,True,True,True,False,2026-05-13T18:06:13.749554
HEALTHBRIDGE,11423,True,True,True,True,True,2026-05-13T18:06:13.749557
HEALTHBRIDGE,11024,True,True,True,True,False,2026-05-13T18:06:13.749561
HEALTHBRIDGE,11275,True,True,True,True,True,2026-05-13T18:06:13.749565
HEALTHBRIDGE,11225,True,False,True,True,True,2026-05-13T18:06:13.749568
HEALTHBRIDGE,11425,True,True,False,True,False,2026-05-13T18:06:13.749572
HEALTHBRIDGE,11285,True,False,False,True,False,2026-05-13T18:06:13.749575
HEALTHBRIDGE,11566,False,True,False,False,True,2026-05-13T18:06:13.749578
HEALTHBRIDGE,11328,True,True,True,True,False,2026-05-13T18:06:13.749582
HEALTHBRIDGE,11001,True,True,False,False,False,2026-05-13T18:06:13.749585
HEALTHBRIDGE,11418,False,True,True,True,False,2026-05-13T18:06:13.749589
HEALTHBRIDGE,11209,True,False,False,False,False,2026-05-13T18:06:13.749592
HEALTHBRIDGE,11048,True,False,True,True,False,2026-05-13T18:06:13.749596
HEALTHBRIDGE,11660,True,True,True,True,False,2026-05-13T18:06:13.749599
HEALTHBRIDGE,11697,True,False,False,True,False,2026-05-13T18:06:13.749603
HEALTHBRIDGE,11760,True,True,True,True,False,2026-05-13T18:06:13.749606
HEALTHBRIDGE,11469,True,True,True,True,False,2026-05-13T18:06:13.749609
HEALTHBRIDGE,11157,True,True,False,True,False,2026-05-13T18:06:13.749613
HEALTHBRIDGE,11371,True,True,False,True,False,2026-05-13T18:06:13.749616
HEALTHBRIDGE,11047,False,False,False,False,False,2026-05-13T18:06:13.749620
HEALTHBRIDGE,23507,True,True,True,True,False,2026-05-13T18:06:13.749624
HEALTHBRIDGE,11228,False,False,True,True,False,2026-05-13T18:06:13.749627
HEALTHBRIDGE,11039,True,True,True,True,False,2026-05-13T18:06:13.749631
HEALTHBRIDGE,11406,True,True,True,True,True,2026-05-13T18:06:13.749634
HEALTHBRIDGE,11519,True,False,False,True,True,2026-05-13T18:06:13.749637
HEALTHBRIDGE,11232,False,True,False,True,True,2026-05-13T18:06:13.749641
HEALTHBRIDGE,11151,False,True,True,True,False,2026-05-13T18:06:13.749645
HEALTHBRIDGE,11272,True,True,False,True,False,2026-05-13T18:06:13.749649
HEALTHBRIDGE,11394,True,False,True,True,False,2026-05-13T18:06:13.749652
HEALTHBRIDGE,11448,True,True,False,True,True,2026-05-13T18:06:13.749655
HEALTHBRIDGE,11198,True,True,False,True,False,2026-05-13T18:06:13.749659
HEALTHBRIDGE,11116,True,True,False,False,False,2026-05-13T18:06:13.749662
HEALTHBRIDGE,11160,True,True,True,True,False,2026-05-13T18:06:13.749666
HEALTHBRIDGE,11152,True,True,False,True,False,2026-05-13T18:06:13.749669
HEALTHBRIDGE,11238,True,False,True,False,False,2026-05-13T18:06:13.749672
HEALTHBRIDGE,11684,True,True,False,False,True,2026-05-13T18:06:13.749676
HEALTHBRIDGE,11117,True,True,True,True,False,2026-05-13T18:06:13.749679
HEALTHBRIDGE,11424,True,True,True,True,False,2026-05-13T18:06:13.749682
HEALTHBRIDGE,11344,True,True,False,False,False,2026-05-13T18:06:13.749686
HEALTHBRIDGE,26690,True,True,True,True,True,2026-05-13T18:06:13.749690
HEALTHBRIDGE,11483,False,False,False,False,False,2026-05-13T18:06:13.749693
HEALTHBRIDGE,11137,True,True,True,True,True,2026-05-13T18:06:13.749697
HEALTHBRIDGE,11574,True,True,False,False,False,2026-05-13T18:06:13.749701
HEALTHBRIDGE,11046,True,True,True,True,True,2026-05-13T18:06:13.749704
HEALTHBRIDGE,11038,False,True,True,True,True,2026-05-13T18:06:13.749708
HEALTHBRIDGE,11233,True,True,True,True,True,2026-05-13T18:06:13.749711
HEALTHBRIDGE,11329,True,True,False,True,False,2026-05-13T18:06:13.749714
HEALTHBRIDGE,11398,True,False,True,False,False,2026-05-13T18:06:13.749718
HEALTHBRIDGE,11045,True,True,False,False,True,2026-05-13T18:06:13.749722
HEALTHBRIDGE,25185,True,False,True,True,False,2026-05-13T18:06:13.749726
HEALTHBRIDGE,28196,False,True,False,True,True,2026-05-13T18:06:13.749729
HEALTHBRIDGE,11171,False,True,True,False,False,2026-05-13T18:06:13.749733
HEALTHBRIDGE,11718,False,True,False,False,True,2026-05-13T18:06:13.749736
HEALTHBRIDGE,11175,False,True,True,True,False,2026-05-13T18:06:13.749740
HEALTHBRIDGE,11399,True,True,False,True,False,2026-05-13T18:06:13.749743
HEALTHBRIDGE,11487,False,True,False,True,False,2026-05-13T18:06:13.749746
HEALTHBRIDGE,11124,False,False,True,True,False,2026-05-13T18:06:13.749750
HEALTHBRIDGE,11263,True,True,True,True,False,2026-05-13T18:06:13.749753
HEALTHBRIDGE,25947,True,True,True,True,True,2026-05-13T18:06:13.749757
HEALTHBRIDGE,11349,False,True,True,True,False,2026-05-13T18:06:13.749761
HEALTHBRIDGE,11260,False,True,False,True,False,2026-05-13T18:06:13.749764
HEALTHBRIDGE,11475,True,True,False,True,False,2026-05-13T18:06:13.749768
HEALTHBRIDGE,11356,True,True,True,True,False,2026-05-13T18:06:13.749771
HEALTHBRIDGE,11546,True,True,False,False,False,2026-05-13T18:06:13.749775
HEALTHBRIDGE,11306,True,False,True,False,True,2026-05-13T18:06:13.749778
HEALTHBRIDGE,11343,False,True,True,True,False,2026-05-13T18:06:13.749782
HEALTHBRIDGE,11113,True,True,True,True,True,2026-05-13T18:06:13.749785
HEALTHBRIDGE,11083,True,True,False,True,False,2026-05-13T18:06:13.749789
HEALTHBRIDGE,29925,False,False,True,True,False,2026-05-13T18:06:13.749793
HEALTHBRIDGE,11758,False,True,False,True,True,2026-05-13T18:06:13.749796
HEALTHBRIDGE,11229,True,True,True,True,False,2026-05-13T18:06:13.749799
HEALTHBRIDGE,11162,True,True,True,True,False,2026-05-13T18:06:13.749803
HEALTHBRIDGE,11369,False,False,False,True,True,2026-05-13T18:06:13.749806
HEALTHBRIDGE,11438,True,True,True,True,False,2026-05-13T18:06:13.749810
HEALTHBRIDGE,23900,True,True,False,True,False,2026-05-13T18:06:13.749814
HEALTHBRIDGE,11016,False,False,False,True,False,2026-05-13T18:06:13.749817
HEALTHBRIDGE,11736,True,True,False,True,False,2026-05-13T18:06:13.749821
HEALTHBRIDGE,11172,False,False,True,True,False,2026-05-13T18:06:13.749825
HEALTHBRIDGE,11274,False,True,False,True,True,2026-05-13T18:06:13.749828
HEALTHBRIDGE,11416,False,False,True,False,False,2026-05-13T18:06:13.749832
HEALTHBRIDGE,29658,True,True,True,True,False,2026-05-13T18:06:13.749836
HEALTHBRIDGE,25395,True,True,True,False,False,2026-05-13T18:06:13.749840
HEALTHBRIDGE,11759,False,False,False,True,True,2026-05-13T18:06:13.749843
HEALTHBRIDGE,11105,True,True,False,True,True,2026-05-13T18:06:13.749846
HEALTHBRIDGE,11163,False,False,True,True,False,2026-05-13T18:06:13.749850
HEALTHBRIDGE,21478,True,True,True,True,False,2026-05-13T18:06:13.749853
HEALTHBRIDGE,11326,False,False,False,False,True,2026-05-13T18:06:13.749857
HEALTHBRIDGE,25134,True,False,True,True,True,2026-05-13T18:06:13.749860
HEALTHBRIDGE,28605,True,True,False,True,False,2026-05-13T18:06:13.749863
HEALTHBRIDGE,11161,False,True,False,True,False,2026-05-13T18:06:13.749867
HEALTHBRIDGE,11111,True,False,True,True,False,2026-05-13T18:06:13.749871
HEALTHBRIDGE,28941,True,False,True,False,True,2026-05-13T18:06:13.749874
HEALTHBRIDGE,11280,True,False,False,True,False,2026-05-13T18:06:13.749878
HEALTHBRIDGE,24166,True,True,True,True,False,2026-05-13T18:06:13.749881
HEALTHBRIDGE,11770,True,True,False,True,False,2026-05-13T18:06:13.749885
HEALTHBRIDGE,11250,False,True,False,True,False,2026-05-13T18:06:13.749888
HEALTHBRIDGE,11716,True,True,False,True,True,2026-05-13T18:06:13.749891
HEALTHBRIDGE,11029,True,True,False,True,False,2026-05-13T18:06:13.749895
HEALTHBRIDGE,11364,True,True,False,False,True,2026-05-13T18:06:13.749898
HEALTHBRIDGE,26928,True,False,False,False,False,2026-05-13T18:06:13.749902
HEALTHBRIDGE,28133,True,True,True,False,False,2026-05-13T18:06:13.749905
HEALTHBRIDGE,11168,False,True,True,True,False,2026-05-13T18:06:13.749909
HEALTHBRIDGE,11311,True,True,True,True,True,2026-05-13T18:06:13.749912
HEALTHBRIDGE,11096,True,False,False,False,False,2026-05-13T18:06:13.749915
HEALTHBRIDGE,11354,True,True,True,True,True,2026-05-13T18:06:13.749919
HEALTHBRIDGE,11346,True,True,True,False,False,2026-05-13T18:06:13.749922
HEALTHBRIDGE,11421,False,True,True,True,False,2026-05-13T18:06:13.749926
HEALTHBRIDGE,11214,True,True,False,False,True,2026-05-13T18:06:13.749930
HEALTHBRIDGE,11373,True,False,False,True,False,2026-05-13T18:06:13.749933
HEALTHBRIDGE,11365,False,True,True,True,True,2026-05-13T18:06:13.749937
HEALTHBRIDGE,11350,True,True,True,False,False,2026-05-13T18:06:13.749940
HEALTHBRIDGE,11305,True,False,False,False,False,2026-05-13T18:06:13.749944
HEALTHBRIDGE,11050,False,True,False,True,False,2026-05-13T18:06:13.749947
HEALTHBRIDGE,29573,False,False,True,False,False,2026-05-13T18:06:13.749951
HEALTHBRIDGE,11216,False,True,False,True,True,2026-05-13T18:06:13.749954
HEALTHBRIDGE,11470,False,True,False,False,False,2026-05-13T18:06:13.749958
HEALTHBRIDGE,11518,True,False,True,True,True,2026-05-13T18:06:13.749961
HEALTHBRIDGE,11491,True,True,False,True,True,2026-05-13T18:06:13.749964
HEALTHBRIDGE,11544,True,False,True,True,True,2026-05-13T18:06:13.749968
HEALTHBRIDGE,11110,True,True,True,True,False,2026-05-13T18:06:13.749971
HEALTHBRIDGE,11302,False,True,True,True,True,2026-05-13T18:06:13.749975
HEALTHBRIDGE,11679,True,False,True,False,True,2026-05-13T18:06:13.749978
HEALTHBRIDGE,11460,True,True,True,False,True,2026-05-13T18:06:13.749982
HEALTHBRIDGE,11292,True,True,False,False,False,2026-05-13T18:06:13.749985
HEALTHBRIDGE,11249,False,False,True,True,False,2026-05-13T18:06:13.749989
HEALTHBRIDGE,11185,False,False,True,False,False,2026-05-13T18:06:13.749992
HEALTHBRIDGE,11026,False,True,False,False,False,2026-05-13T18:06:13.749995
HEALTHBRIDGE,11010,True,True,False,True,False,2026-05-13T18:06:13.749999
HEALTHBRIDGE,11608,True,True,True,True,False,2026-05-13T18:06:13.750003
HEALTHBRIDGE,11033,True,True,False,False,False,2026-05-13T18:06:13.750006
HEALTHBRIDGE,11122,True,False,True,True,False,2026-05-13T18:06:13.750010
HEALTHBRIDGE,11374,True,True,True,True,False,2026-05-13T18:06:13.750013
HEALTHBRIDGE,11020,True,True,False,True,False,2026-05-13T18:06:13.750017
HEALTHBRIDGE,27780,True,True,True,True,True,2026-05-13T18:06:13.750020
HEALTHBRIDGE,29354,False,True,False,True,False,2026-05-13T18:06:13.750024
HEALTHBRIDGE,11551,True,True,True,True,False,2026-05-13T18:06:13.750027
HEALTHBRIDGE,11189,True,True,True,False,False,2026-05-13T18:06:13.750031
HEALTHBRIDGE,11602,False,False,True,False,False,2026-05-13T18:06:13.750035
HEALTHBRIDGE,11009,True,True,True,False,False,2026-05-13T18:06:13.750038
HEALTHBRIDGE,11179,False,True,False,True,False,2026-05-13T18:06:13.750042
HEALTHBRIDGE,11441,True,False,False,False,True,2026-05-13T18:06:13.750047
HEALTHBRIDGE,11144,True,False,True,False,True,2026-05-13T18:06:13.750050
HEALTHBRIDGE,11018,True,True,True,True,False,2026-05-13T18:06:13.750053
HEALTHBRIDGE,11482,False,True,True,True,False,2026-05-13T18:06:13.750057
HEALTHBRIDGE,11060,True,True,True,True,False,2026-05-13T18:06:13.750060
HEALTHBRIDGE,11338,True,True,False,True,False,2026-05-13T18:06:13.750064
HEALTHBRIDGE,23867,False,True,False,True,False,2026-05-13T18:06:13.750068
HEALTHBRIDGE,11298,False,True,False,False,False,2026-05-13T18:06:13.750071
HEALTHBRIDGE,11244,False,False,False,True,True,2026-05-13T18:06:13.750075
HEALTHBRIDGE,11501,False,True,False,True,False,2026-05-13T18:06:13.750078
HEALTHBRIDGE,11404,False,True,True,True,False,2026-05-13T18:06:13.750082
HEALTHBRIDGE,11052,False,True,True,False,False,2026-05-13T18:06:13.750085
HEALTHBRIDGE,11035,True,True,False,True,False,2026-05-13T18:06:13.750089
HEALTHBRIDGE,11303,True,True,True,False,True,2026-05-13T18:06:13.750092
HEALTHBRIDGE,11756,False,True,False,False,True,2026-05-13T18:06:13.750096
HEALTHBRIDGE,11085,True,True,False,True,False,2026-05-13T18:06:13.750099
HEALTHBRIDGE,11409,False,True,False,True,False,2026-05-13T18:06:13.750103
HEALTHBRIDGE,11401,True,True,False,True,False,2026-05-13T18:06:13.750106
HEALTHBRIDGE,11474,True,True,True,False,True,2026-05-13T18:06:13.750111
HEALTHBRIDGE,11610,True,True,False,True,False,2026-05-13T18:06:13.750114
HEALTHBRIDGE,11709,False,True,False,True,False,2026-05-13T18:06:13.750117
HEALTHBRIDGE,11007,True,True,True,True,False,2026-05-13T18:06:13.750121
HEALTHBRIDGE,11167,True,True,True,False,False,2026-05-13T18:06:13.750125
HEALTHBRIDGE,11067,True,True,False,True,False,2026-05-13T18:06:13.750128
HEALTHBRIDGE,22302,True,True,False,True,True,2026-05-13T18:06:13.750131
HEALTHBRIDGE,11149,True,True,False,True,True,2026-05-13T18:06:13.750135
HEALTHBRIDGE,11449,True,True,True,True,False,2026-05-13T18:06:13.750139
HEALTHBRIDGE,11331,True,True,False,True,False,2026-05-13T18:06:13.750142
HEALTHBRIDGE,11139,True,False,False,True,False,2026-05-13T18:06:13.750145
HEALTHBRIDGE,11683,False,True,True,True,False,2026-05-13T18:06:13.750149
HEALTHBRIDGE,11604,True,True,False,True,True,2026-05-13T18:06:13.750152
HEALTHBRIDGE,11340,True,True,True,True,False,2026-05-13T18:06:13.750155
HEALTHBRIDGE,11478,True,True,False,False,True,2026-05-13T18:06:13.750159
HEALTHBRIDGE,11463,False,True,True,True,False,2026-05-13T18:06:13.750162
HEALTHBRIDGE,11156,True,False,False,True,True,2026-05-13T18:06:13.750166
HEALTHBRIDGE,11485,True,False,False,True,False,2026-05-13T18:06:13.750169
HEALTHBRIDGE,11768,False,True,False,True,True,2026-05-13T18:06:13.750173
HEALTHBRIDGE,11392,True,True,True,True,False,2026-05-13T18:06:13.750177
HEALTHBRIDGE,11147,True,False,True,False,False,2026-05-13T18:06:13.750180
HEALTHBRIDGE,11136,True,True,True,True,True,2026-05-13T18:06:13.750183
HEALTHBRIDGE,11307,True,True,True,True,False,2026-05-13T18:06:13.750187
HEALTHBRIDGE,11488,True,True,False,True,False,2026-05-13T18:06:13.750190
HEALTHBRIDGE,11265,True,True,True,False,True,2026-05-13T18:06:13.750194
HEALTHBRIDGE,11231,True,True,False,False,False,2026-05-13T18:06:13.750197
HEALTHBRIDGE,11223,False,True,False,True,True,2026-05-13T18:06:13.750201
HEALTHBRIDGE,11278,True,False,True,False,True,2026-05-13T18:06:13.750204
HEALTHBRIDGE,11091,True,True,False,True,True,2026-05-13T18:06:13.750208
HEALTHBRIDGE,11489,True,True,True,True,False,2026-05-13T18:06:13.750212
HEALTHBRIDGE,11099,False,True,False,True,True,2026-05-13T18:06:13.750215
HEALTHBRIDGE,11064,True,True,False,False,False,2026-05-13T18:06:13.750219
HEALTHBRIDGE,11212,True,False,False,True,True,2026-05-13T18:06:13.750222
HEALTHBRIDGE,11236,True,True,False,True,False,2026-05-13T18:06:13.750226
HEALTHBRIDGE,11429,True,False,True,True,False,2026-05-13T18:06:13.750230
HEALTHBRIDGE,11240,False,False,True,True,True,2026-05-13T18:06:13.750234
HEALTHBRIDGE,11210,True,True,True,False,True,2026-05-13T18:06:13.750237
HEALTHBRIDGE,11057,True,True,False,False,False,2026-05-13T18:06:13.750241
HEALTHBRIDGE,11389,False,True,True,False,False,2026-05-13T18:06:13.750244
HEALTHBRIDGE,11084,True,True,True,True,False,2026-05-13T18:06:13.750248
HEALTHBRIDGE,11528,True,True,False,False,True,2026-05-13T18:06:13.750251
HEALTHBRIDGE,20345,False,False,True,True,True,2026-05-13T18:06:13.750255
HEALTHBRIDGE,11013,False,True,False,True,False,2026-05-13T18:06:13.750258
HEALTHBRIDGE,11059,True,False,False,True,True,2026-05-13T18:06:13.750262
HEALTHBRIDGE,11127,True,True,False,True,False,2026-05-13T18:06:13.750265
HEALTHBRIDGE,11030,False,True,True,True,False,2026-05-13T18:06:13.750269
HEALTHBRIDGE,11025,False,True,True,True,True,2026-05-13T18:06:13.750273
HEALTHBRIDGE,11076,False,False,True,True,True,2026-05-13T18:06:13.750276
HEALTHBRIDGE,11383,True,True,False,True,False,2026-05-13T18:06:13.750280
HEALTHBRIDGE,11403,True,True,False,False,True,2026-05-13T18:06:13.750283
HEALTHBRIDGE,11065,True,False,True,False,False,2026-05-13T18:06:13.750287
HEALTHBRIDGE,11040,True,True,False,True,True,2026-05-13T18:06:13.750290
HEALTHBRIDGE,11273,True,True,False,True,False,2026-05-13T18:06:13.750293
HEALTHBRIDGE,11481,True,True,True,False,False,2026-05-13T18:06:13.750297
HEALTHBRIDGE,11218,True,True,True,False,False,2026-05-13T18:06:13.750300
HEALTHBRIDGE,11613,True,True,True,True,True,2026-05-13T18:06:13.750303
HEALTHBRIDGE,11480,True,False,False,True,False,2026-05-13T18:06:13.750307
HEALTHBRIDGE,11070,False,False,True,True,True,2026-05-13T18:06:13.750310
HEALTHBRIDGE,11182,True,True,True,True,False,2026-05-13T18:06:13.750314
HEALTHBRIDGE,11417,True,True,True,True,True,2026-05-13T18:06:13.750317
HEALTHBRIDGE,11376,False,True,True,True,True,2026-05-13T18:06:13.750321
HEALTHBRIDGE,11455,True,False,False,True,False,2026-05-13T18:06:13.750324
HEALTHBRIDGE,11106,False,True,True,True,True,2026-05-13T18:06:13.750328
HEALTHBRIDGE,11097,True,True,False,False,True,2026-05-13T18:06:13.750332
HEALTHBRIDGE,11572,True,True,True,True,False,2026-05-13T18:06:13.750335
HEALTHBRIDGE,11673,True,True,True,True,False,2026-05-13T18:06:13.750339
HEALTHBRIDGE,11453,True,False,True,True,False,2026-05-13T18:06:13.750342
HEALTHBRIDGE,11174,True,True,False,True,False,2026-05-13T18:06:13.750346
HEALTHBRIDGE,11036,True,False,True,True,False,2026-05-13T18:06:13.750349
HEALTHBRIDGE,11208,False,True,False,False,False,2026-05-13T18:06:13.750353
HEALTHBRIDGE,11184,True,True,False,True,True,2026-05-13T18:06:13.750356
HEALTHBRIDGE,11002,True,True,False,True,False,2026-05-13T18:06:13.750359
HEALTHBRIDGE,21833,False,False,True,True,False,2026-05-13T18:06:13.750363
HEALTHBRIDGE,11386,True,True,True,True,False,2026-05-13T18:06:13.750366
HEALTHBRIDGE,11457,True,False,False,False,False,2026-05-13T18:06:13.750370
HEALTHBRIDGE,11322,True,True,True,True,True,2026-05-13T18:06:13.750374
HEALTHBRIDGE,11454,True,True,False,True,False,2026-05-13T18:06:13.750382
HEALTHBRIDGE,11044,True,True,True,True,False,2026-05-13T18:06:13.750386
HEALTHBRIDGE,25049,True,True,False,True,True,2026-05-13T18:06:13.750390
HEALTHBRIDGE,11270,True,True,True,True,False,2026-05-13T18:06:13.750394
HEALTHBRIDGE,11655,True,True,True,True,False,2026-05-13T18:06:13.750397
HEALTHBRIDGE,11588,True,True,True,True,False,2026-05-13T18:06:13.750401
HEALTHBRIDGE,11103,True,False,False,True,False,2026-05-13T18:06:13.750404
HEALTHBRIDGE,11115,False,False,False,True,False,2026-05-13T18:06:13.750408
HEALTHBRIDGE,11594,True,False,False,True,True,2026-05-13T18:06:13.750411
HEALTHBRIDGE,11636,False,True,False,True,False,2026-05-13T18:06:13.750415
HEALTHBRIDGE,11251,False,False,True,True,False,2026-05-13T18:06:13.750418
HEALTHBRIDGE,11129,False,False,False,True,False,2026-05-13T18:06:13.750421
HEALTHBRIDGE,11554,True,True,True,True,False,2026-05-13T18:06:13.750425
HEALTHBRIDGE,11415,True,False,False,True,False,2026-05-13T18:06:13.750428
HEALTHBRIDGE,11284,True,True,False,False,True,2026-05-13T18:06:13.750432
HEALTHBRIDGE,11293,False,True,True,False,True,2026-05-13T18:06:13.750435
HEALTHBRIDGE,11068,False,True,False,True,False,2026-05-13T18:06:13.750438
HEALTHBRIDGE,11193,True,True,False,False,False,2026-05-13T18:06:13.750442
HEALTHBRIDGE,11230,False,False,True,True,False,2026-05-13T18:06:13.750446
HEALTHBRIDGE,24550,True,False,True,True,True,2026-05-13T18:06:13.750449
HEALTHBRIDGE,11164,False,True,True,True,True,2026-05-13T18:06:13.750452
HEALTHBRIDGE,11314,False,True,True,True,True,2026-05-13T18:06:13.750456
HEALTHBRIDGE,11428,False,True,False,True,False,2026-05-13T18:06:13.750459
HEALTHBRIDGE,11191,True,False,True,True,False,2026-05-13T18:06:13.750463
HEALTHBRIDGE,11226,True,False,False,True,False,2026-05-13T18:06:13.750466
HEALTHBRIDGE,11037,True,False,False,True,False,2026-05-13T18:06:13.750470
HEALTHBRIDGE,11019,True,True,False,True,True,2026-05-13T18:06:13.750473
HEALTHBRIDGE,11467,True,False,True,False,True,2026-05-13T18:06:13.750476
HEALTHBRIDGE,23865,True,True,True,False,False,2026-05-13T18:06:13.750479
HEALTHBRIDGE,11645,True,True,False,False,False,2026-05-13T18:06:13.750483
HEALTHBRIDGE,27786,True,False,True,True,False,2026-05-13T18:06:13.750486
HEALTHBRIDGE,11215,True,True,True,False,False,2026-05-13T18:06:13.750490
HEALTHBRIDGE,11196,True,True,True,False,False,2026-05-13T18:06:13.750494
HEALTHBRIDGE,24036,True,True,False,True,True,2026-05-13T18:06:13.750549
HEALTHBRIDGE,11456,True,True,True,False,True,2026-05-13T18:06:13.750556
HEALTHBRIDGE,11121,False,False,False,True,True,2026-05-13T18:06:13.750561
HEALTHBRIDGE,11323,True,True,True,True,False,2026-05-13T18:06:13.750565
HEALTHBRIDGE,11334,True,True,True,False,False,2026-05-13T18:06:13.750569
HEALTHBRIDGE,11414,True,True,False,False,True,2026-05-13T18:06:13.750572
HEALTHBRIDGE,11255,True,False,False,True,False,2026-05-13T18:06:13.750576
HEALTHBRIDGE,11767,True,False,False,True,False,2026-05-13T18:06:13.750580
HEALTHBRIDGE,11459,True,False,True,True,True,2026-05-13T18:06:13.750584
HEALTHBRIDGE,11118,True,True,True,False,False,2026-05-13T18:06:13.750587
HEALTHBRIDGE,11372,True,True,True,False,True,2026-05-13T18:06:13.750590
HEALTHBRIDGE,11664,False,True,False,True,False,2026-05-13T18:06:13.750593
HEALTHBRIDGE,11023,True,False,True,True,True,2026-05-13T18:06:13.750597
HEALTHBRIDGE,11435,True,False,True,True,False,2026-05-13T18:06:13.750601
HEALTHBRIDGE,11206,True,True,True,True,False,2026-05-13T18:06:13.750604
HEALTHBRIDGE,11757,True,True,True,False,True,2026-05-13T18:06:13.750608
HEALTHBRIDGE,11497,True,True,False,False,True,2026-05-13T18:06:13.750611
HEALTHBRIDGE,11493,True,False,True,True,False,2026-05-13T18:06:13.750614
HEALTHBRIDGE,11388,True,True,False,False,False,2026-05-13T18:06:13.750618
HEALTHBRIDGE,11557,True,True,False,True,False,2026-05-13T18:06:13.750621
HEALTHBRIDGE,11165,True,False,False,False,False,2026-05-13T18:06:13.750624
HEALTHBRIDGE,11668,True,False,False,True,True,2026-05-13T18:06:13.750628
HEALTHBRIDGE,11132,True,True,False,True,False,2026-05-13T18:06:13.750631
HEALTHBRIDGE,11269,True,True,False,False,False,2026-05-13T18:06:13.750635
HEALTHBRIDGE,11342,False,True,True,True,True,2026-05-13T18:06:13.750638
HEALTHBRIDGE,11259,True,True,True,True,True,2026-05-13T18:06:13.750642
HEALTHBRIDGE,11294,True,True,False,False,False,2026-05-13T18:06:13.750646
HEALTHBRIDGE,11092,False,False,False,False,True,2026-05-13T18:06:13.750649
HEALTHBRIDGE,11749,True,True,True,False,False,2026-05-13T18:06:13.750653
HEALTHBRIDGE,11678,True,True,True,False,False,2026-05-13T18:06:13.750656
HEALTHBRIDGE,11241,False,False,False,True,False,2026-05-13T18:06:13.750660
HEALTHBRIDGE,11192,True,True,False,True,False,2026-05-13T18:06:13.750664
HEALTHBRIDGE,11445,True,True,True,True,False,2026-05-13T18:06:13.750667
HEALTHBRIDGE,11385,False,True,True,False,True,2026-05-13T18:06:13.750670
HEALTHBRIDGE,11466,True,False,True,False,True,2026-05-13T18:06:13.750674
HEALTHBRIDGE,11719,False,False,False,True,True,2026-05-13T18:06:13.750678
HEALTHBRIDGE,11387,True,False,True,True,False,2026-05-13T18:06:13.750682
HEALTHBRIDGE,11337,True,False,False,True,False,2026-05-13T18:06:13.750685
HEALTHBRIDGE,11534,True,False,True,False,False,2026-05-13T18:06:13.750688
HEALTHBRIDGE,11494,False,True,True,False,False,2026-05-13T18:06:13.750692
HEALTHBRIDGE,11235,True,True,False,True,False,2026-05-13T18:06:13.750695
HEALTHBRIDGE,11173,True,True,True,False,False,2026-05-13T18:06:13.750699
HEALTHBRIDGE,11391,True,False,False,True,False,2026-05-13T18:06:13.750702
HEALTHBRIDGE,11751,True,False,False,True,True,2026-05-13T18:06:13.750706
HEALTHBRIDGE,11180,True,True,True,True,False,2026-05-13T18:06:13.750709
HEALTHBRIDGE,11077,False,False,True,False,True,2026-05-13T18:06:13.750713
HEALTHBRIDGE,11335,True,True,True,False,True,2026-05-13T18:06:13.750716
HEALTHBRIDGE,11089,True,True,True,True,False,2026-05-13T18:06:13.750720
HEALTHBRIDGE,11581,True,True,False,True,True,2026-05-13T18:06:13.750723
HEALTHBRIDGE,11262,False,True,False,True,False,2026-05-13T18:06:13.750726
HEALTHBRIDGE,11390,True,True,False,True,False,2026-05-13T18:06:13.750730
HEALTHBRIDGE,11268,True,True,True,False,False,2026-05-13T18:06:13.750733
HEALTHBRIDGE,11361,True,True,False,True,False,2026-05-13T18:06:13.750737
HEALTHBRIDGE,11178,False,True,False,True,True,2026-05-13T18:06:13.750740
HEALTHBRIDGE,11107,True,True,True,False,False,2026-05-13T18:06:13.750744
HEALTHBRIDGE,11622,True,True,False,True,False,2026-05-13T18:06:13.750747
HEALTHBRIDGE,11529,True,False,False,False,True,2026-05-13T18:06:13.750750
HEALTHBRIDGE,11183,True,True,False,False,True,2026-05-13T18:06:13.750754
HEALTHBRIDGE,11081,False,False,True,True,False,2026-05-13T18:06:13.750757
HEALTHBRIDGE,11004,True,True,False,False,True,2026-05-13T18:06:13.750760
HEALTHBRIDGE,26025,False,True,False,False,False,2026-05-13T18:06:13.750764
HEALTHBRIDGE,11393,True,True,False,True,False,2026-05-13T18:06:13.750767
HEALTHBRIDGE,11370,True,True,True,False,False,2026-05-13T18:06:13.750771
HEALTHBRIDGE,11239,True,True,False,True,False,2026-05-13T18:06:13.750774
HEALTHBRIDGE,11071,True,False,True,True,False,2026-05-13T18:06:13.750778
HEALTHBRIDGE,11181,False,True,False,True,False,2026-05-13T18:06:13.750782
HEALTHBRIDGE,11021,True,True,False,True,False,2026-05-13T18:06:13.750785
HEALTHBRIDGE,11451,False,True,False,False,False,2026-05-13T18:06:13.750789
HEALTHBRIDGE,11317,False,True,True,False,False,2026-05-13T18:06:13.750792
HEALTHBRIDGE,11422,True,True,False,True,False,2026-05-13T18:06:13.750795
HEALTHBRIDGE,11333,True,True,True,True,False,2026-05-13T18:06:13.750799
HEALTHBRIDGE,11536,True,False,True,True,False,2026-05-13T18:06:13.750802
HEALTHBRIDGE,11017,True,True,False,False,False,2026-05-13T18:06:13.750806
HEALTHBRIDGE,11155,False,True,False,True,True,2026-05-13T18:06:13.750810
HEALTHBRIDGE,11587,True,True,True,True,True,2026-05-13T18:06:13.750813
HEALTHBRIDGE,11640,False,True,False,True,False,2026-05-13T18:06:13.750816
HEALTHBRIDGE,11199,False,True,True,False,False,2026-05-13T18:06:13.750820
HEALTHBRIDGE,11288,True,False,False,False,False,2026-05-13T18:06:13.750823
HEALTHBRIDGE,11461,True,True,False,True,True,2026-05-13T18:06:13.750827
HEALTHBRIDGE,11234,True,False,False,True,False,2026-05-13T18:06:13.750831
HEALTHBRIDGE,11145,True,True,True,False,False,2026-05-13T18:06:13.750834
HEALTHBRIDGE,11014,True,True,True,True,True,2026-05-13T18:06:13.750838
HEALTHBRIDGE,11075,True,True,True,True,False,2026-05-13T18:06:13.750841
HEALTHBRIDGE,11217,True,False,False,True,True,2026-05-13T18:06:13.750845
HEALTHBRIDGE,11213,True,True,True,False,False,2026-05-13T18:06:13.750848
HEALTHBRIDGE,11237,False,False,True,True,False,2026-05-13T18:06:13.750851
HEALTHBRIDGE,23571,False,True,True,True,True,2026-05-13T18:06:13.750855
HEALTHBRIDGE,11769,True,True,True,True,True,2026-05-13T18:06:13.750858
HEALTHBRIDGE,11197,True,True,True,True,False,2026-05-13T18:06:13.750862
HEALTHBRIDGE,11462,False,False,False,True,False,2026-05-13T18:06:13.750865
HEALTHBRIDGE,11140,True,True,True,True,False,2026-05-13T18:06:13.750869
HEALTHBRIDGE,11410,True,True,True,True,False,2026-05-13T18:06:13.750872
HEALTHBRIDGE,11188,False,True,True,True,False,2026-05-13T18:06:13.750876
HEALTHBRIDGE,11252,False,True,False,True,False,2026-05-13T18:06:13.750879
HEALTHBRIDGE,11665,True,False,False,False,True,2026-05-13T18:06:13.750882
HEALTHBRIDGE,11627,True,True,False,False,False,2026-05-13T18:06:13.750886
HEALTHBRIDGE,11341,True,False,False,True,False,2026-05-13T18:06:13.750889
HEALTHBRIDGE,28740,True,True,False,True,False,2026-05-13T18:06:13.750893
HEALTHBRIDGE,21976,True,True,False,True,True,2026-05-13T18:06:13.750896
HEALTHBRIDGE,11245,False,False,False,True,True,2026-05-13T18:06:13.750899
HEALTHBRIDGE,11243,True,True,False,True,True,2026-05-13T18:06:13.750931
HEALTHBRIDGE,11468,True,False,True,True,False,2026-05-13T18:06:13.750937
HEALTHBRIDGE,11439,False,False,True,True,True,2026-05-13T18:06:13.750941
HEALTHBRIDGE,11616,True,True,False,False,False,2026-05-13T18:06:13.750945
HEALTHBRIDGE,11486,True,False,False,True,False,2026-05-13T18:06:13.750949
HEALTHBRIDGE,11495,True,True,False,True,True,2026-05-13T18:06:13.750952
HEALTHBRIDGE,11513,True,True,True,False,False,2026-05-13T18:06:13.750956
HEALTHBRIDGE,11123,True,True,False,True,False,2026-05-13T18:06:13.750959
HEALTHBRIDGE,11433,True,True,False,True,False,2026-05-13T18:06:13.750963
HEALTHBRIDGE,11381,False,False,False,True,False,2026-05-13T18:06:13.750966
HEALTHBRIDGE,11735,True,True,True,True,False,2026-05-13T18:06:13.750969
HEALTHBRIDGE,11072,False,True,False,False,False,2026-05-13T18:06:13.750973
HEALTHBRIDGE,11444,True,True,True,False,False,2026-05-13T18:06:13.750976
HEALTHBRIDGE,11011,False,False,False,False,False,2026-05-13T18:06:13.750979
HEALTHBRIDGE,11325,True,True,True,True,False,2026-05-13T18:06:13.750983
HEALTHBRIDGE,11074,True,True,True,False,False,2026-05-13T18:06:13.750986
HEALTHBRIDGE,11221,True,False,False,False,False,2026-05-13T18:06:13.750989
HEALTHBRIDGE,11063,True,True,False,False,True,2026-05-13T18:06:13.750992
HEALTHBRIDGE,11315,True,False,True,True,False,2026-05-13T18:06:13.750996
HEALTHBRIDGE,11336,False,False,True,False,False,2026-05-13T18:06:13.750999
HEALTHBRIDGE,11584,False,False,True,True,False,2026-05-13T18:06:13.751003
HEALTHBRIDGE,11348,True,True,True,True,False,2026-05-13T18:06:13.751007
HEALTHBRIDGE,11641,True,False,True,True,True,2026-05-13T18:06:13.751010
HEALTHBRIDGE,28551,True,False,False,True,False,2026-05-13T18:06:13.751014
HEALTHBRIDGE,11133,True,True,False,True,True,2026-05-13T18:06:13.751017
HEALTHBRIDGE,11279,False,False,False,True,True,2026-05-13T18:06:13.751021
HEALTHBRIDGE,11434,False,False,False,True,True,2026-05-13T18:06:13.751024
HEALTHBRIDGE,21850,True,True,False,True,False,2026-05-13T18:06:13.751028
HEALTHBRIDGE,11120,True,False,True,True,False,2026-05-13T18:06:13.751031
HEALTHBRIDGE,11419,True,True,False,True,True,2026-05-13T18:06:13.751034
HEALTHBRIDGE,11094,True,False,True,True,True,2026-05-13T18:06:13.751038
HEALTHBRIDGE,11247,True,True,False,True,False,2026-05-13T18:06:13.751041
HEALTHBRIDGE,11207,True,False,False,False,True,2026-05-13T18:06:13.751045
HEALTHBRIDGE,11690,True,False,False,True,True,2026-05-13T18:06:13.751048
HEALTHBRIDGE,11499,True,True,False,True,True,2026-05-13T18:06:13.751051
HEALTHBRIDGE,28034,True,False,True,True,False,2026-05-13T18:06:13.751055
HEALTHBRIDGE,11200,True,True,False,True,True,2026-05-13T18:06:13.751058
HEALTHBRIDGE,11227,True,True,False,True,False,2026-05-13T18:06:13.751061
HEALTHBRIDGE,11258,True,False,True,False,True,2026-05-13T18:06:13.751065
HEALTHBRIDGE,11521,True,False,False,True,False,2026-05-13T18:06:13.751068
HEALTHBRIDGE,11012,True,True,False,True,False,2026-05-13T18:06:13.751071
HEALTHBRIDGE,11242,False,True,False,True,True,2026-05-13T18:06:13.751075
HEALTHBRIDGE,11053,False,True,True,True,True,2026-05-13T18:06:13.751079
HEALTHBRIDGE,11490,True,False,True,True,True,2026-05-13T18:06:13.751082
HEALTHBRIDGE,11650,True,False,True,True,False,2026-05-13T18:06:13.751086
HEALTHBRIDGE,29509,True,True,True,True,False,2026-05-13T18:06:13.751090
HEALTHBRIDGE,11266,True,False,False,True,False,2026-05-13T18:06:13.751093
HEALTHBRIDGE,11061,False,False,True,True,False,2026-05-13T18:06:13.751096
HEALTHBRIDGE,11450,False,True,False,False,False,2026-05-13T18:06:13.751100
HEALTHBRIDGE,27200,False,True,True,False,False,2026-05-13T18:06:13.751103
HEALTHBRIDGE,11078,False,False,False,False,False,2026-05-13T18:06:13.751107
HEALTHBRIDGE,11630,True,True,True,False,False,2026-05-13T18:06:13.751110
HEALTHBRIDGE,11034,True,True,False,True,False,2026-05-13T18:06:13.751114
HEALTHBRIDGE,11058,False,False,False,True,False,2026-05-13T18:06:13.751117
HEALTHBRIDGE,11102,True,True,False,False,False,2026-05-13T18:06:13.751120
HEALTHBRIDGE,11352,False,False,True,True,True,2026-05-13T18:06:13.751124
HEALTHBRIDGE,11319,True,True,False,True,False,2026-05-13T18:06:13.751127
HEALTHBRIDGE,24498,False,True,True,False,True,2026-05-13T18:06:13.751130
HEALTHBRIDGE,26388,True,True,True,True,False,2026-05-13T18:06:13.751134
HEALTHBRIDGE,11003,True,True,False,False,False,2026-05-13T18:06:13.751137
HEALTHBRIDGE,11368,False,True,True,True,True,2026-05-13T18:06:13.751141
HEALTHBRIDGE,11159,True,True,False,False,False,2026-05-13T18:06:13.751144
HEALTHBRIDGE,11321,True,True,True,False,False,2026-05-13T18:06:13.751148
HEALTHBRIDGE,11154,True,True,True,True,True,2026-05-13T18:06:13.751151
HEALTHBRIDGE,11079,True,True,False,True,True,2026-05-13T18:06:13.751154
HEALTHBRIDGE,11436,True,True,True,True,False,2026-05-13T18:06:13.751158
HEALTHBRIDGE,11327,True,False,False,True,False,2026-05-13T18:06:13.751161
HEALTHBRIDGE,11496,True,True,True,False,False,2026-05-13T18:06:13.751165
HEALTHBRIDGE,11458,True,True,False,True,False,2026-05-13T18:06:13.751169
HEALTHBRIDGE,11114,True,True,True,True,True,2026-05-13T18:06:13.751172
HEALTHBRIDGE,11069,True,True,False,True,True,2026-05-13T18:06:13.751176
HEALTHBRIDGE,11253,True,True,False,True,False,2026-05-13T18:06:13.751179
HEALTHBRIDGE,11675,True,True,True,False,False,2026-05-13T18:06:13.751183
HEALTHBRIDGE,11287,True,True,True,True,True,2026-05-13T18:06:13.751186
HEALTHBRIDGE,11073,True,False,False,True,False,2026-05-13T18:06:13.751190
HEALTHBRIDGE,11264,True,True,True,False,True,2026-05-13T18:06:13.751194
HEALTHBRIDGE,11104,True,False,True,True,False,2026-05-13T18:06:13.751197
HEALTHBRIDGE,11359,True,False,False,False,False,2026-05-13T18:06:13.751200
HEALTHBRIDGE,11750,False,True,True,True,False,2026-05-13T18:06:13.751204
HEALTHBRIDGE,11367,True,True,True,False,True,2026-05-13T18:06:13.751207
HEALTHBRIDGE,11378,True,True,True,True,False,2026-05-13T18:06:13.751211
HEALTHBRIDGE,11261,True,True,False,False,True,2026-05-13T18:06:13.751214
HEALTHBRIDGE,11345,True,True,False,True,False,2026-05-13T18:06:13.751218
HEALTHBRIDGE,11299,False,True,True,True,True,2026-05-13T18:06:13.751222
HEALTHBRIDGE,11379,False,True,False,False,False,2026-05-13T18:06:13.751225
HEALTHBRIDGE,11062,False,True,True,True,False,2026-05-13T18:06:13.751229
HEALTHBRIDGE,11031,False,False,True,True,True,2026-05-13T18:06:13.751232
HEALTHBRIDGE,11591,True,False,False,False,False,2026-05-13T18:06:13.751236
HEALTHBRIDGE,11169,True,False,False,False,False,2026-05-13T18:06:13.751239
HEALTHBRIDGE,11353,True,True,True,True,True,2026-05-13T18:06:13.751243
HEALTHBRIDGE,11246,True,True,True,True,False,2026-05-13T18:06:13.751246
HEALTHBRIDGE,11652,True,False,False,True,False,2026-05-13T18:06:13.751250
HEALTHBRIDGE,11148,True,True,True,True,False,2026-05-13T18:06:13.751253
HEALTHBRIDGE,11688,True,False,False,True,True,2026-05-13T18:06:13.751257
HEALTHBRIDGE,11049,True,True,True,True,False,2026-05-13T18:06:13.751261
HEALTHBRIDGE,11508,True,False,True,False,False,2026-05-13T18:06:13.751264
HEALTHBRIDGE,11170,True,True,False,False,False,2026-05-13T18:06:13.751267
HEALTHBRIDGE,11109,True,False,True,True,True,2026-05-13T18:06:13.751271
HEALTHBRIDGE,11276,True,False,False,False,False,2026-05-13T18:06:13.751274
HEALTHBRIDGE,11056,True,True,False,True,False,2026-05-13T18:06:13.751277
HEALTHBRIDGE,11086,True,True,True,False,True,2026-05-13T18:06:13.751281
HEALTHBRIDGE,11055,True,True,True,True,True,2026-05-13T18:06:13.751285
HEALTHBRIDGE,11471,True,False,False,True,True,2026-05-13T18:06:13.751288
HEALTHBRIDGE,11473,False,True,False,True,False,2026-05-13T18:06:13.751292
HEALTHBRIDGE,11006,True,True,False,True,True,2026-05-13T18:06:13.751295
HEALTHBRIDGE,11412,True,True,True,True,False,2026-05-13T18:06:13.751298
HEALTHBRIDGE,11128,True,False,True,True,False,2026-05-13T18:06:13.751302
HEALTHBRIDGE,11402,True,False,False,False,False,2026-05-13T18:06:13.751305
HEALTHBRIDGE,11648,True,False,True,True,False,2026-05-13T18:06:13.751309
HEALTHBRIDGE,11300,True,True,False,False,False,2026-05-13T18:06:13.751313
HEALTHBRIDGE,11130,False,True,True,True,True,2026-05-13T18:06:13.751316
HEALTHBRIDGE,11382,False,False,False,False,False,2026-05-13T18:06:13.751320
HEALTHBRIDGE,21750,False,True,True,False,False,2026-05-13T18:06:13.751323
HEALTHBRIDGE,11248,True,False,True,True,False,2026-05-13T18:06:13.751326
HEALTHBRIDGE,11548,True,False,True,True,False,2026-05-13T18:06:13.751330
HEALTHBRIDGE,11143,False,True,True,True,True,2026-05-13T18:06:13.751333
HEALTHBRIDGE,11090,True,True,False,True,False,2026-05-13T18:06:13.751337
HEALTHBRIDGE,11431,True,True,True,True,False,2026-05-13T18:06:13.751340
HEALTHBRIDGE,11027,True,True,True,True,False,2026-05-13T18:06:13.751343
HEALTHBRIDGE,11028,True,False,False,True,False,2026-05-13T18:06:13.751346
HEALTHBRIDGE,11504,True,True,True,False,False,2026-05-13T18:06:13.751350
HEALTHBRIDGE,11420,True,True,True,True,False,2026-05-13T18:06:13.751353
HEALTHBRIDGE,11430,True,True,True,False,False,2026-05-13T18:06:13.751357
HEALTHBRIDGE,11693,True,False,False,False,False,2026-05-13T18:06:13.751360
HEALTHBRIDGE,11437,False,True,False,True,True,2026-05-13T18:06:13.751364
HEALTHBRIDGE,11362,True,True,False,False,True,2026-05-13T18:06:13.751367
HEALTHBRIDGE,11479,True,True,False,True,False,2026-05-13T18:06:13.751370
HEALTHBRIDGE,11366,True,True,True,False,True,2026-05-13T18:06:13.751374
HEALTHBRIDGE,22003,True,True,True,True,True,2026-05-13T18:06:13.751382
HEALTHBRIDGE,11320,False,True,False,True,False,2026-05-13T18:06:13.751385
HEALTHBRIDGE,11452,True,True,False,True,False,2026-05-13T18:06:13.751389
HEALTHBRIDGE,26943,False,True,True,True,False,2026-05-13T18:06:13.751393
HEALTHBRIDGE,11617,True,False,True,False,True,2026-05-13T18:06:13.751396
HEALTHBRIDGE,11098,True,True,False,True,False,2026-05-13T18:06:13.751400
HEALTHBRIDGE,11447,False,True,True,False,False,2026-05-13T18:06:13.751403
HEALTHBRIDGE,11384,False,False,False,True,False,2026-05-13T18:06:13.751407
HEALTHBRIDGE,11187,True,False,True,True,False,2026-05-13T18:06:13.751410
HEALTHBRIDGE,11472,True,False,False,True,False,2026-05-13T18:06:13.751413
HEALTHBRIDGE,11304,True,True,False,True,True,2026-05-13T18:06:13.751417
HEALTHBRIDGE,11087,False,True,False,True,False,2026-05-13T18:06:13.751420
HEALTHBRIDGE,11312,True,False,True,False,True,2026-05-13T18:06:13.751424
HEALTHBRIDGE,11308,False,True,True,False,False,2026-05-13T18:06:13.751427
HEALTHBRIDGE,11532,True,True,False,True,False,2026-05-13T18:06:13.751430
HEALTHBRIDGE,11426,True,True,False,True,False,2026-05-13T18:06:13.751434
HEALTHBRIDGE,11138,True,True,False,True,False,2026-05-13T18:06:13.751437
HEALTHBRIDGE,11256,True,True,True,False,False,2026-05-13T18:06:13.751441
HEALTHBRIDGE,11204,True,True,False,False,False,2026-05-13T18:06:13.751444
HEALTHBRIDGE,11142,False,True,False,True,True,2026-05-13T18:06:13.751448
HEALTHBRIDGE,11330,False,True,True,False,False,2026-05-13T18:06:13.751451
HEALTHBRIDGE,11446,True,True,False,False,False,2026-05-13T18:06:13.751455
HEALTHBRIDGE,11177,True,False,False,True,False,2026-05-13T18:06:13.751458
HEALTHBRIDGE,11318,False,True,False,True,False,2026-05-13T18:06:13.751461
HEALTHBRIDGE,11309,True,False,True,False,True,2026-05-13T18:06:13.751465
HEALTHBRIDGE,11267,True,True,False,True,True,2026-05-13T18:06:13.751468
HEALTHBRIDGE,11100,True,True,True,False,False,2026-05-13T18:06:13.751472
HEALTHBRIDGE,11408,False,False,True,True,True,2026-05-13T18:06:13.751475
HEALTHBRIDGE,11432,True,True,True,False,False,2026-05-13T18:06:13.751478
HEALTHBRIDGE,11395,True,True,True,True,False,2026-05-13T18:06:13.751482
HEALTHBRIDGE,11254,True,True,True,True,False,2026-05-13T18:06:13.751485
HEALTHBRIDGE,11363,True,False,True,True,True,2026-05-13T18:06:13.751489
HEALTHBRIDGE,11484,True,True,False,True,False,2026-05-13T18:06:13.751492
HEALTHBRIDGE,11032,True,True,True,False,False,2026-05-13T18:06:13.751496
HEALTHBRIDGE,11224,True,False,True,True,False,2026-05-13T18:06:13.751523
HEALTHBRIDGE,11297,True,True,True,True,False,2026-05-13T18:06:13.751528
HEALTHBRIDGE,11082,True,True,True,False,False,2026-05-13T18:06:13.751533
HEALTHBRIDGE,11442,True,False,False,True,False,2026-05-13T18:06:13.751537
HEALTHBRIDGE,11201,True,False,False,True,False,2026-05-13T18:06:13.751540
HEALTHBRIDGE,11146,True,False,False,False,True,2026-05-13T18:06:13.751544
HEALTHBRIDGE,11277,True,True,False,True,False,2026-05-13T18:06:13.751547
HEALTHBRIDGE,11088,True,True,True,True,False,2026-05-13T18:06:13.751551
HEALTHBRIDGE,11158,True,True,True,False,False,2026-05-13T18:06:13.751554
HEALTHBRIDGE,11576,True,True,False,True,False,2026-05-13T18:06:13.751557
HEALTHBRIDGE,29827,True,False,False,True,True,2026-05-13T18:06:13.751561
HEALTHBRIDGE,11290,True,True,True,True,True,2026-05-13T18:06:13.751564
HEALTHBRIDGE,11358,False,True,True,True,True,2026-05-13T18:06:13.751568
HEALTHBRIDGE,11141,True,True,False,False,False,2026-05-13T18:06:13.751572
HEALTHBRIDGE,11257,True,True,True,True,False,2026-05-13T18:06:13.751575
HEALTHBRIDGE,11051,True,False,True,False,False,2026-05-13T18:06:13.751579
HEALTHBRIDGE,11000,True,True,False,False,True,2026-05-13T18:06:13.751583
HEALTHBRIDGE,11360,True,True,False,True,False,2026-05-13T18:06:13.751587
HEALTHBRIDGE,11440,True,False,False,True,False,2026-05-13T18:06:13.751590
HEALTHBRIDGE,11005,True,False,False,True,False,2026-05-13T18:06:13.751593
HEALTHBRIDGE,11313,True,True,True,True,False,2026-05-13T18:06:13.751597
HEALTHBRIDGE,26502,True,False,True,True,False,2026-05-13T18:06:13.751600
HEALTHBRIDGE,11054,True,False,False,False,True,2026-05-13T18:06:13.751604
HEALTHBRIDGE,11126,True,True,True,True,False,2026-05-13T18:06:13.751607
HEALTHBRIDGE,11289,True,False,False,True,False,2026-05-13T18:06:13.751611
HEALTHBRIDGE,11222,False,True,False,False,False,2026-05-13T18:06:13.751614
HEALTHBRIDGE,11041,True,True,False,True,False,2026-05-13T18:06:13.751618
HEALTHBRIDGE,11464,True,True,True,True,False,2026-05-13T18:06:13.751621
HEALTHBRIDGE,11015,False,False,True,True,False,2026-05-13T18:06:13.751625
HEALTHBRIDGE,11301,True,True,True,False,True,2026-05-13T18:06:13.751628
HEALTHBRIDGE,11066,True,True,True,True,False,2026-05-13T18:06:13.751631
HEALTHBRIDGE,11717,True,True,False,True,False,2026-05-13T18:06:13.751634
HEALTHBRIDGE,11498,True,True,True,True,False,2026-05-13T18:06:13.751638
HEALTHBRIDGE,11310,True,True,True,True,False,2026-05-13T18:06:13.751641
HEALTHBRIDGE,11166,True,False,True,True,False,2026-05-13T18:06:13.751645
HEALTHBRIDGE,11568,True,True,True,True,False,2026-05-13T18:06:13.751648
HEALTHBRIDGE,11296,False,False,False,False,False,2026-05-13T18:06:13.751651
HEALTHBRIDGE,26139,True,True,True,False,True,2026-05-13T18:06:13.751655
HEALTHBRIDGE,11153,False,True,True,True,True,2026-05-13T18:06:13.751658
HEALTHBRIDGE,11477,True,False,False,True,False,2026-05-13T18:06:13.751662
HEALTHBRIDGE,11150,True,True,True,True,False,2026-05-13T18:06:13.751665
HEALTHBRIDGE,24125,True,True,True,False,False,2026-05-13T18:06:13.751669
HEALTHBRIDGE,11008,True,True,False,False,False,2026-05-13T18:06:13.751672
HEALTHBRIDGE,11112,True,True,False,True,False,2026-05-13T18:06:13.751675
HEALTHBRIDGE,11295,True,True,False,True,True,2026-05-13T18:06:13.751679
HEALTHBRIDGE,11355,True,False,True,True,True,2026-05-13T18:06:13.751682
HEALTHBRIDGE,11592,False,True,False,False,True,2026-05-13T18:06:13.751686
HEALTHBRIDGE,11465,True,True,True,False,False,2026-05-13T18:06:13.751689
HEALTHBRIDGE,11443,False,True,False,True,True,2026-05-13T18:06:13.751692
HEALTHBRIDGE,11125,True,False,False,True,False,2026-05-13T18:06:13.751696
HEALTHBRIDGE,11351,True,False,False,True,False,2026-05-13T18:06:13.751699
HEALTHBRIDGE,20916,True,True,True,True,True,2026-05-13T18:06:13.751702
HEALTHBRIDGE,11635,True,False,False,True,True,2026-05-13T18:06:13.751706
HEALTHBRIDGE,11042,False,False,True,False,False,2026-05-13T18:06:13.751709
HEALTHBRIDGE,11195,False,True,True,True,False,2026-05-13T18:06:13.751713
HEALTHBRIDGE,11316,True,True,True,True,False,2026-05-13T18:06:13.751717
HEALTHBRIDGE,11282,True,True,True,True,False,2026-05-13T18:06:13.751720
HEALTHBRIDGE,11427,False,True,False,True,False,2026-05-13T18:06:13.751724
HEALTHBRIDGE,11662,False,True,True,True,False,2026-05-13T18:06:13.751727
HEALTHBRIDGE,11400,True,True,True,True,True,2026-05-13T18:06:13.751731
HEALTHBRIDGE,11339,True,False,False,True,False,2026-05-13T18:06:13.751734
HEALTHBRIDGE,11357,False,False,True,True,False,2026-05-13T18:06:13.751737
HEALTHBRIDGE,11271,False,True,True,False,True,2026-05-13T18:06:13.751741
