source_brand,source_patient_id,source_system,first_name,last_name,dob,gender,ssn_last4,email,phone,address_line1,city,state,postal_code,guardian_first_name,guardian_last_name,guardian_email,guardian_phone,created_at,updated_at
HEALTHBRIDGE,11119,HEALTHBRIDGE_EHR,Erika,Bell,1968-04-23,O,8732,hbell@example.net,(234)834-4070,39594 Marcus Mission,Melodytown,WA,62443,,,,,2023-12-29T08:05:14.146325,2026-05-13T18:06:12.796060
HEALTHBRIDGE,11101,HEALTHBRIDGE_EHR,Lori,Brown,2005-11-07,O,8631,fsmith@example.net,390.727.6451x30050,4738 Amber Falls Suite 406,New Franklin,MD,00850,,,,,2024-09-11T23:39:22.504205,2026-05-13T18:06:12.786814
HEALTHBRIDGE,11108,HEALTHBRIDGE_EHR,Jason,Hansen,1943-10-12,O,0352,williamsonrobin@example.com,001-844-787-8904x833,726 Ian Forge Apt. 806,Adkinschester,ME,07855,,,,,2024-04-28T20:35:33.174117,2026-05-13T18:06:12.790634
HEALTHBRIDGE,11597,HEALTHBRIDGE_EHR,Monica,Reesee,1997-01-05,O,2287,masonjackson@example.net,+1-418-483-5523x1243,77997 Lin Road,Edwardland,NJ,58462,,,,,2023-06-08T12:13:50.046605,2026-05-13T18:06:13.119964
HEALTHBRIDGE,11755,HEALTHBRIDGE_EHR,Stephen,Frey,1959-04-16,M,2137,luisdillon@example.org,376.813.5242,3845 Evans Roads Suite 244,Reedborough,WY,81746,,,,,2025-11-15T08:53:46.791521,2026-05-13T18:06:13.209117
HEALTHBRIDGE,11194,HEALTHBRIDGE_EHR,Lisa,Bell,1981-12-11,M,3154,oliversonya@example.net,+1-732-730-4772x5961,84162 Ryan Plaza,West Jenniferchester,MO,07522,,,,,2025-05-08T00:08:26.302884,2026-05-13T18:06:12.833981
HEALTHBRIDGE,11131,HEALTHBRIDGE_EHR,Joshua,Bowman,1950-01-26,F,6633,donnabrooks@example.net,(837)281-3191x51813,7904 Gross Haven,Brianstad,TX,72109,,,,,2023-07-24T03:47:01.029014,2026-05-13T18:06:12.802310
HEALTHBRIDGE,11324,HEALTHBRIDGE_EHR,Matthew,Ruiz,1950-05-10,M,0859,johnsonarthur@example.org,(368)657-4397x3847,163 Sara Coves Apt. 918,East Richard,PR,62705,,,,,2026-04-13T05:07:45.876449,2026-05-13T18:06:12.900691
HEALTHBRIDGE,11211,HEALTHBRIDGE_EHR,Johnny,Munoz,1986-12-30,F,9903,kimberly68@example.net,001-938-861-6187,580 Lopez Turnpike Suite 521,Hoodton,SC,04131,,,,,2025-12-10T20:24:38.094820,2026-05-13T18:06:12.842758
HEALTHBRIDGE,11283,HEALTHBRIDGE_EHR,Morgan,Montgomery,1975-04-04,M,1194,youngjeffrey@example.org,421-437-4727x939,894 Green Parks Suite 293,South Jessica,VI,67447,,,,,2024-01-03T19:26:29.432259,2026-05-13T18:06:12.879827
HEALTHBRIDGE,11405,HEALTHBRIDGE_EHR,Timothy,Foley,1977-05-11,M,4541,paulpalmer@example.net,401.333.3279,26719 Jones Walks Suite 918,Davidmouth,MI,55874,,,,,2026-03-20T22:24:26.550388,2026-05-13T18:06:12.943647
HEALTHBRIDGE,11186,HEALTHBRIDGE_EHR,Kenneth,Bauer,1961-05-10,M,1517,alexander73@example.net,497-218-9011,7291 Montgomery Roads,Sarahchester,CO,84206,,,,,2025-09-10T23:59:01.232252,2026-05-13T18:06:12.829858
HEALTHBRIDGE,11202,HEALTHBRIDGE_EHR,Kayla,Dixon,2014-02-14,O,9766,haleaaron@example.com,478.228.6872,71081 Duncan Extension,East Morgan,OR,61761,Deborah,Dixon,danieladams@example.com,001-619-480-7027x292,2024-07-01T17:20:13.577080,2026-05-13T18:06:12.837943
HEALTHBRIDGE,11291,HEALTHBRIDGE_EHR,Karen,Dickerson,1996-11-14,O,5571,lindathompson@example.com,394.806.9729x67204,319 Deanna Mills,Edwardsside,MS,90973,,,,,2024-02-20T13:29:34.063520,2026-05-13T18:06:12.884063
HEALTHBRIDGE,11281,HEALTHBRIDGE_EHR,Shawn,Hogan,1946-04-08,M,8857,sullivankelly@example.org,001-822-392-5384x187,5722 Roy Lakes Apt. 660,Richardsborough,IA,87387,,,,,2024-03-18T17:19:51.123630,2026-05-13T18:06:12.878685
HEALTHBRIDGE,11411,HEALTHBRIDGE_EHR,Trevor,Jones,1973-11-23,F,5832,jenkinskristin@example.com,001-266-484-7132x901,8511 Fox Crest,North Justinton,DC,25577,,,,,2025-08-30T06:00:31.711147,2026-05-13T18:06:12.947105
HEALTHBRIDGE,11396,HEALTHBRIDGE_EHR,Sydney,Mason,1990-02-05,F,7776,lisa43@example.org,662-910-6514,654 Christian Junctions,Scottland,TN,06423,,,,,2026-02-28T12:19:42.439926,2026-05-13T18:06:12.938430
HEALTHBRIDGE,11022,HEALTHBRIDGE_EHR,Annette,Sanders,1944-11-24,F,0519,chenkristen@example.org,+1-880-804-5872x4227,294 Melissa Key Apt. 719,Mooremouth,CA,24099,,,,,2025-04-28T00:42:55.535090,2026-05-13T18:06:12.747335
HEALTHBRIDGE,11332,HEALTHBRIDGE_EHR,Lauren,Young,2019-06-26,F,4418,tashagarcia@example.com,001-227-359-2746,69774 Aaron Spurs,Brownhaven,IL,17837,Emma,Young,ejames@example.net,2619085370,2024-06-22T21:10:02.569826,2026-05-13T18:06:12.904981
HEALTHBRIDGE,11219,HEALTHBRIDGE_EHR,Javier,Spencer,1995-10-06,M,5046,adamsjennifer@example.org,+1-445-542-2492x2430,000 James Mission,New Donna,GA,35203,,,,,2025-05-08T17:19:20.673747,2026-05-13T18:06:12.846517
HEALTHBRIDGE,22374,HEALTHBRIDGE_EHR,Frank,Ferguson,1991-08-29,O,4651,lindseymorris@example.net,+1-595-915-4143x604,3088 Hansen Lodge,South Melissaville,ME,39855,,,,,2025-07-30T19:22:06.770769,2026-05-13T18:06:13.057771
HEALTHBRIDGE,11539,HEALTHBRIDGE_EHR,Mary,Caalhoun,1990-04-30,O,7527,meadowsbrittany@example.net,7165272046,5646 Conley Mountains Apt. 805,Lake Casey,SD,05777,,,,,2026-01-25T06:29:39.341706,2026-05-13T18:06:13.088709
HEALTHBRIDGE,11377,HEALTHBRIDGE_EHR,Connie,Savage,2003-06-13,F,5633,alex12@example.net,001-235-706-6566x050,765 Medina Ports Apt. 793,New Kyleview,IN,61012,,,,,2023-10-27T13:04:51.011131,2026-05-13T18:06:12.928880
HEALTHBRIDGE,11134,HEALTHBRIDGE_EHR,Cynthia,Mcdonald,1950-10-11,M,4025,deanna19@example.com,001-258-332-5199,63349 Tonya Mills,Terryfort,AR,70166,,,,,2024-05-06T17:51:54.631006,2026-05-13T18:06:12.803717
HEALTHBRIDGE,11734,HEALTHBRIDGE_EHR,Natalie,Suarez,2010-08-09,F,2087,iadams@example.org,379-954-9571,9441 Randolph Lights,West Matthewland,TX,87658,Robin,Foley,charlesclayton@example.org,781-867-0491,2025-04-16T02:49:38.334153,2026-05-13T18:06:13.197232
HEALTHBRIDGE,11176,HEALTHBRIDGE_EHR,Christina,Fisher,1946-10-03,M,2224,bishoprichard@example.com,797-670-5364x434,17620 Melanie Squares,Port Amanda,IA,33880,,,,,2026-02-12T18:46:43.832129,2026-05-13T18:06:12.825321
HEALTHBRIDGE,11190,HEALTHBRIDGE_EHR,Allison,Fernandez,2003-09-26,F,8558,nedwards@example.org,+1-604-453-3430,0002 Benton Mountain,Matthewmouth,MI,27019,,,,,2025-10-20T05:45:38.753261,2026-05-13T18:06:12.831987
HEALTHBRIDGE,11095,HEALTHBRIDGE_EHR,Bryan,Swanson,1952-05-09,M,3271,phillipsmorgan@example.org,868.717.0068x143,39766 Felicia Island Suite 171,Benjaminfort,NE,02323,,,,,2023-08-10T01:13:36.973864,2026-05-13T18:06:12.783817
HEALTHBRIDGE,11135,HEALTHBRIDGE_EHR,Kevin,Shelton,1958-05-10,O,6347,phunter@example.net,+1-355-743-4482x1380,6941 Berg Cove Apt. 985,Lindabury,GA,27342,,,,,2024-10-10T15:04:12.877289,2026-05-13T18:06:12.804157
HEALTHBRIDGE,11347,HEALTHBRIDGE_EHR,Gabriella,May,2011-09-22,M,6641,tammy68@example.com,001-344-316-4933,6854 George Summit,North April,MO,94423,Kristen,May,karenortiz@example.org,851.785.2291,2025-06-11T13:48:16.707576,2026-05-13T18:06:12.912796
HEALTHBRIDGE,11380,HEALTHBRIDGE_EHR,Mason,Fernandez,1968-03-09,M,8948,alishawn@example.net,891-348-8151x446,1710 Mikayla Lodge Suite 626,Pattersonside,MN,38576,,,,,2025-12-07T16:58:21.801623,2026-05-13T18:06:12.930503
HEALTHBRIDGE,11375,HEALTHBRIDGE_EHR,Alexander,Reynolds,1994-04-30,F,9413,robertrodriguez@example.org,(587)240-8117,938 Chad Island Apt. 878,Taylorshire,IA,01476,,,,,2025-09-15T14:05:30.353642,2026-05-13T18:06:12.927796
HEALTHBRIDGE,11492,HEALTHBRIDGE_EHR,Destiny,Patrick,1977-10-30,M,1860,katiewu@example.com,(576)977-4165,6785 Harris Mills Apt. 643,Jonesville,CT,53561,,,,,2025-10-12T05:15:12.328194,2026-05-13T18:06:12.987944
HEALTHBRIDGE,11708,HEALTHBRIDGE_EHR,Patricia,Smith,2003-06-14,F,2999,gfisher@example.org,+1-752-738-1547x4329,2087 Melissa Inlet Apt. 221,Kathybury,WY,39372,,,,,2024-02-10T04:05:08.399500,2026-05-13T18:06:13.180964
HEALTHBRIDGE,11407,HEALTHBRIDGE_EHR,Brian,Warner,1953-01-19,O,7799,justingoodman@example.com,001-711-320-2730x238,207 Dylan Cape,East Nathan,OH,20174,,,,,2024-01-12T22:16:56.670400,2026-05-13T18:06:12.944812
HEALTHBRIDGE,11080,HEALTHBRIDGE_EHR,Teresa,Blankenship,1952-10-30,M,3714,andrew09@example.net,265-984-6392x4887,6764 Schaefer Mission,West Johnberg,MI,15117,,,,,2025-01-19T19:38:10.005338,2026-05-13T18:06:12.776118
HEALTHBRIDGE,11397,HEALTHBRIDGE_EHR,Erin,Murillo,1940-12-14,M,9677,stevenberry@example.org,+1-589-758-6979,42314 Hammond Expressway Apt. 258,Williamsberg,SD,01142,,,,,2025-08-20T01:11:10.362019,2026-05-13T18:06:12.939045
HEALTHBRIDGE,11476,HEALTHBRIDGE_EHR,Brandon,Smith,1943-06-27,F,2730,mollymiller@example.net,657-241-2512x18833,9194 Chaney Station,Crystalfort,MH,57776,,,,,2025-07-29T10:32:11.474333,2026-05-13T18:06:12.980419
HEALTHBRIDGE,11205,HEALTHBRIDGE_EHR,Cody,Murphy,1948-08-15,M,1522,sandra11@example.net,+1-617-228-4584x874,262 Reed Plains,South Dianetown,MP,07815,,,,,2025-01-13T20:10:43.737963,2026-05-13T18:06:12.839521
HEALTHBRIDGE,11413,HEALTHBRIDGE_EHR,Victoria,Fritz,1985-04-05,O,2738,lopezzachary@example.org,511.248.2414,4697 Thomas Islands Suite 349,Port Andrewland,OR,59692,,,,,2024-08-16T00:15:32.804650,2026-05-13T18:06:12.948178
HEALTHBRIDGE,11043,HEALTHBRIDGE_EHR,Monica,Salazar,1988-04-17,O,2539,pmorales@example.net,+1-800-904-5398x048,1409 Rodriguez Mill,New Bethanymouth,IL,10136,,,,,2024-11-09T12:02:25.890816,2026-05-13T18:06:12.758127
HEALTHBRIDGE,11093,HEALTHBRIDGE_EHR,Kyle,Hancock,1963-07-29,O,0396,hughesnancy@example.net,001-386-617-5418x277,0580 Ashley Skyway,Michaelfort,AZ,73463,,,,,2023-11-16T17:58:56.728360,2026-05-13T18:06:12.782814
HEALTHBRIDGE,22363,HEALTHBRIDGE_EHR,Robin,Travis,2024-08-24,M,8366,lisa44@example.com,820.445.3376x9791,2439 Barrett Causeway Suite 300,Lawrenceburgh,IL,93387,Kelsey,Travis,wellstracy@example.org,+1-856-939-2118x7816,2024-01-05T20:48:14.751850,2026-05-13T18:06:13.027938
HEALTHBRIDGE,11515,HEALTHBRIDGE_EHR,Michele,Jones,2005-04-01,M,3582,joshuawashington@example.net,(399)873-7631,6701 Richard Junction Apt. 333,Taylorburgh,KY,61138,,,,,2023-08-08T05:25:25.094130,2026-05-13T18:06:13.075293
HEALTHBRIDGE,11286,HEALTHBRIDGE_EHR,Mark,Diaz,1965-11-09,O,0060,rowesharon@example.com,001-385-816-7655,760 Devin Lane Suite 499,Ginaport,IA,59524,,,,,2025-05-13T11:21:27.162217,2026-05-13T18:06:12.881620
HEALTHBRIDGE,11203,HEALTHBRIDGE_EHR,Eileen,Ortiz,1950-07-21,F,5119,amanda34@example.net,(763)789-8749,92335 Sweeney Parkways,Stanleyberg,MH,68063,,,,,2025-04-24T15:49:38.958066,2026-05-13T18:06:12.838529
HEALTHBRIDGE,11220,HEALTHBRIDGE_EHR,Mason,Davidson,1999-07-18,M,9771,tbradley@example.org,832-995-6176x29484,0897 Carpenter Lake Apt. 614,New Jaimemouth,AZ,78805,,,,,2023-07-11T22:24:06.358008,2026-05-13T18:06:12.847050
HEALTHBRIDGE,22869,HEALTHBRIDGE_EHR,Brandon,White,1950-07-17,F,5592,johnsonsamantha@example.net,001-464-223-8223x552,24562 Dylan Brooks Apt. 540,Danielborough,OK,53286,,,,,2024-05-13T05:41:22.210861,2026-05-13T18:06:13.030776
HEALTHBRIDGE,11423,HEALTHBRIDGE_EHR,Brian,Orr,1965-03-01,O,4991,berrycharles@example.net,001-298-746-7617,03562 Olson Locks,North Brian,VA,82530,,,,,2025-02-24T01:53:40.640307,2026-05-13T18:06:12.953348
HEALTHBRIDGE,11024,HEALTHBRIDGE_EHR,Michelle,Johnson,2011-02-14,M,4097,qmiller@example.net,+1-307-946-6697x472,43566 Kimberly Street,East Ericborough,MS,75581,Drew,Johnson,mark76@example.com,550.678.1072,2024-06-24T07:54:51.868411,2026-05-13T18:06:12.748408
HEALTHBRIDGE,11275,HEALTHBRIDGE_EHR,Peter,Franco,1985-03-28,O,3018,kristinabrown@example.net,6656069615,36494 Dale Summit Apt. 020,Vasquezton,ME,08165,,,,,2026-03-17T09:16:12.852820,2026-05-13T18:06:12.875224
HEALTHBRIDGE,11225,HEALTHBRIDGE_EHR,Ashley,Beck,1969-10-17,O,5640,stephenmcmillan@example.net,7257254110,41266 Fisher Rue Apt. 940,Ashleyport,NJ,05141,,,,,2024-02-10T03:53:19.986843,2026-05-13T18:06:12.849444
HEALTHBRIDGE,11425,HEALTHBRIDGE_EHR,Mariah,Taylor,1969-03-24,M,2133,evance@example.com,(677)494-6685x32414,898 Paige Mill Suite 746,Alyssamouth,OH,49222,,,,,2024-07-19T06:30:17.591964,2026-05-13T18:06:12.954357
HEALTHBRIDGE,11285,HEALTHBRIDGE_EHR,Christine,Lane,2026-04-24,O,6397,ashleyvelez@example.com,(711)365-1608x624,96605 Morris Drive,Fosterport,PW,63271,Erin,Lane,lewispeggy@example.net,6728391918,2023-07-25T00:28:53.039358,2026-05-13T18:06:12.880934
HEALTHBRIDGE,11566,HEALTHBRIDGE_EHR,Justin,Evans,1982-11-24,F,3432,cgrimes@example.net,855.288.6753x3963,766 Tyler Camp Apt. 895,Port Meganville,NC,60391,,,,,2023-11-21T00:17:39.786385,2026-05-13T18:06:13.103090
HEALTHBRIDGE,11328,HEALTHBRIDGE_EHR,David,James,1993-12-06,M,1606,jimmy99@example.com,(711)254-2401,79086 Amanda Passage Apt. 585,Valeriebury,NE,34692,,,,,2024-04-29T10:00:27.182528,2026-05-13T18:06:12.902764
HEALTHBRIDGE,11001,HEALTHBRIDGE_EHR,William,Buck,1976-12-31,F,2071,jonathanmoses@example.net,796-708-4158,3043 Nolan Ford,New Manuelshire,MO,65253,,,,,2023-06-06T22:03:58.418209,2026-05-13T18:06:12.736688
HEALTHBRIDGE,11418,HEALTHBRIDGE_EHR,Michael,Henderson,2021-08-30,M,3087,lindahenson@example.org,(652)257-6150x335,86830 Harris Drive Apt. 997,Jayville,UT,90931,Jennifer,Henderson,rachelstephens@example.org,7906400376,2023-05-17T16:48:28.330417,2026-05-13T18:06:12.950516
HEALTHBRIDGE,11209,HEALTHBRIDGE_EHR,Brett,Thompson,1965-12-13,F,7987,jose45@example.org,647.698.5294,41450 Estrada Lights Apt. 370,Morrisonmouth,SD,14382,,,,,2025-12-03T09:49:48.466405,2026-05-13T18:06:12.841474
HEALTHBRIDGE,11048,HEALTHBRIDGE_EHR,Rebecca,Holland,1988-07-13,F,5285,heidigonzales@example.com,526-933-4029,326 Moore Gateway,East Natalie,DC,59329,,,,,2024-09-14T23:49:50.672220,2026-05-13T18:06:12.760753
HEALTHBRIDGE,11660,HEALTHBRIDGE_EHR,Robert,Elliott,1967-12-14,M,8005,tchambers@example.net,7643039106,70462 Katie Stream,Brooksfurt,NV,49980,,,,,2024-11-02T23:43:05.081002,2026-05-13T18:06:13.154169
HEALTHBRIDGE,11697,HEALTHBRIDGE_EHR,Janet,Harris,1968-08-17,O,3770,raylauren@example.net,(693)435-9242x384,155 Williamson Via Suite 991,West David,ME,15829,,,,,2024-10-03T08:37:40.971169,2026-05-13T18:06:13.173591
HEALTHBRIDGE,11760,HEALTHBRIDGE_EHR,Alexander,Poole,1963-11-23,F,1923,cbates@example.org,580.687.6678x453,357 Robinson Canyon,Lake Charleston,ID,26425,,,,,2025-08-03T13:07:01.888663,2026-05-13T18:06:13.211875
HEALTHBRIDGE,11469,HEALTHBRIDGE_EHR,Thomas,Chung,2014-11-15,F,5755,pedrocruz@example.org,001-330-275-0599x906,1091 Hanson Land Apt. 059,Port Mary,ND,50634,Jennifer,Chung,beth55@example.net,+1-739-631-8566,2024-05-07T14:33:02.902951,2026-05-13T18:06:12.976843
HEALTHBRIDGE,11157,HEALTHBRIDGE_EHR,Lisa,Burton,1969-12-09,M,0803,ruizadrian@example.net,323-563-7437x380,434 Jacob Wall,Baldwinchester,WA,74102,,,,,2023-10-17T14:24:52.161231,2026-05-13T18:06:12.815368
HEALTHBRIDGE,11371,HEALTHBRIDGE_EHR,Kathy,Morton,1991-12-17,M,4259,austin72@example.net,+1-443-685-8009x9986,051 Jensen Inlet Suite 359,Brooksbury,MP,38131,,,,,2026-03-21T09:42:12.453246,2026-05-13T18:06:12.925857
HEALTHBRIDGE,11047,HEALTHBRIDGE_EHR,David,Bell,1959-02-22,O,8151,eric55@example.com,683-326-2138,1095 Spears Ways Suite 275,West Richardside,NY,84205,,,,,2023-07-20T16:54:52.098431,2026-05-13T18:06:12.760252
HEALTHBRIDGE,23507,HEALTHBRIDGE_EHR,Sarah,Lopez,2007-10-28,M,0217,thomasleah@example.com,+1-605-438-7518x953,039 Dennis Turnpike Suite 338,Port Anthonyland,KS,88017,,,,,2026-03-24T09:12:11.884876,2026-05-13T18:06:13.032202
HEALTHBRIDGE,11228,HEALTHBRIDGE_EHR,Nathan,Obrien,2007-05-23,O,5885,sherri11@example.net,574.390.0449x10072,204 Allen Mall Suite 041,North Brian,AZ,88482,,,,,2025-11-27T13:21:51.925603,2026-05-13T18:06:12.850799
HEALTHBRIDGE,11039,HEALTHBRIDGE_EHR,Austin,Bernard,2013-11-14,O,2207,alyssa06@example.net,883-768-1672x386,67755 Cole Gardens Suite 410,Sherrymouth,NJ,86869,Tiffany,Bernard,benjamin58@example.net,+1-788-910-8558x723,2023-10-04T09:31:21.283933,2026-05-13T18:06:12.755913
HEALTHBRIDGE,11406,HEALTHBRIDGE_EHR,Theresa,Stevenson,1999-07-18,O,5927,amyaguilar@example.com,001-826-306-8228x795,09661 Gilbert River Apt. 257,New Williamton,NE,75009,,,,,2023-05-30T09:30:36.733170,2026-05-13T18:06:12.944246
HEALTHBRIDGE,11519,HEALTHBRIDGE_EHR,Beth,Daniels,2004-08-04,O,3257,nicholas40@example.com,220.381.2191x36193,998 Donovan Ford Suite 346,Lake Debbie,NH,41942,,,,,2026-03-01T17:55:06.488694,2026-05-13T18:06:13.077831
HEALTHBRIDGE,11232,HEALTHBRIDGE_EHR,Jaclyn,Sparks,1983-08-13,F,5902,zacharywest@example.com,001-415-894-9254x345,2738 Garrett Walk Suite 648,North Benjaminland,WI,22922,,,,,2025-01-22T16:37:36.824514,2026-05-13T18:06:12.853009
HEALTHBRIDGE,11151,HEALTHBRIDGE_EHR,Joseph,Jordan,2010-09-04,O,0094,scott23@example.com,4747170602,5313 Paul Mission,Lopezburgh,ND,04192,Michael,Jordan,vasquezjoseph@example.org,463-379-0584,2026-02-01T09:06:01.782285,2026-05-13T18:06:12.812138
HEALTHBRIDGE,11272,HEALTHBRIDGE_EHR,Alicia,Singh,2004-05-06,O,1506,snewman@example.com,349.367.8452x733,7541 Kylie Harbor Suite 579,Walshtown,VA,60831,,,,,2025-03-02T16:51:20.593982,2026-05-13T18:06:12.873562
HEALTHBRIDGE,11394,HEALTHBRIDGE_EHR,Jacqueline,Garcia,1954-10-17,F,2683,matthew27@example.net,001-576-226-0235x640,919 Smith Square Suite 796,Lake Alicia,CT,75145,,,,,2026-05-11T18:29:51.932503,2026-05-13T18:06:12.937667
HEALTHBRIDGE,11448,HEALTHBRIDGE_EHR,Michael,Mora,1987-04-20,F,3261,sara65@example.net,975.797.7673x800,682 Diana Gateway,Youngbury,OK,31801,,,,,2024-03-14T18:57:20.093422,2026-05-13T18:06:12.966556
HEALTHBRIDGE,11198,HEALTHBRIDGE_EHR,Nathan,Sandoval,1968-01-10,M,4641,mark70@example.net,+1-650-905-7458x0766,38312 Graham Park Apt. 359,Amberberg,PW,34071,,,,,2024-06-14T00:32:05.398039,2026-05-13T18:06:12.836028
HEALTHBRIDGE,11116,HEALTHBRIDGE_EHR,Mary,Leach,1992-02-06,O,2270,mcooper@example.net,+1-775-492-0415,01643 Renee Gateway,New Susan,NH,92894,,,,,2024-03-15T00:21:27.121716,2026-05-13T18:06:12.794613
HEALTHBRIDGE,11160,HEALTHBRIDGE_EHR,Kevin,Smith,2004-04-01,F,5289,aaronvillanueva@example.net,001-934-591-1647x649,133 Banks Square Apt. 781,West Michaelborough,TN,76475,,,,,2023-12-03T04:25:17.933581,2026-05-13T18:06:12.816928
HEALTHBRIDGE,11152,HEALTHBRIDGE_EHR,Sean,Austin,1945-02-01,M,9647,karicarr@example.com,+1-810-682-9656x120,6764 Peters Knolls Suite 250,Sandraton,WA,89695,,,,,2023-08-07T05:39:24.281800,2026-05-13T18:06:12.812905
HEALTHBRIDGE,11238,HEALTHBRIDGE_EHR,George,Ellis,1950-11-17,F,3698,farmerjennifer@example.org,381.801.0320x8234,909 Bailey Squares,Danielfurt,MO,11559,,,,,2025-01-19T09:13:24.227858,2026-05-13T18:06:12.856424
HEALTHBRIDGE,11684,HEALTHBRIDGE_EHR,Alexander,Gutierrez,1960-12-21,O,6537,hardyanita@example.org,8947718880,64647 Michael Gateway,Wheelerborough,NH,14522,,,,,2025-01-08T13:54:52.288418,2026-05-13T18:06:13.166656
HEALTHBRIDGE,11117,HEALTHBRIDGE_EHR,Dawn,Mitchell,1983-03-15,F,8582,kimberlyhester@example.net,001-445-678-6740x477,497 Kristin Turnpike Apt. 419,South Shannonland,AK,04720,,,,,2025-02-25T13:29:00.433647,2026-05-13T18:06:12.795140
HEALTHBRIDGE,11424,HEALTHBRIDGE_EHR,Douglas,Johnson,2023-01-21,M,2332,lchang@example.net,750-900-4441x56630,5622 Frank Mission,Amberburgh,GU,74079,Jackie,Johnson,james01@example.net,676.507.2032,2024-01-01T10:48:46.520734,2026-05-13T18:06:12.953789
HEALTHBRIDGE,11344,HEALTHBRIDGE_EHR,Antonio,Powers,1956-02-09,M,5872,destinyrojas@example.org,+1-452-656-3773x125,701 Yvonne Street Apt. 175,South Johnborough,MN,73532,,,,,2023-12-14T22:06:34.691056,2026-05-13T18:06:12.911474
HEALTHBRIDGE,26690,HEALTHBRIDGE_EHR,Joshua,Diaz,1948-05-22,F,9588,millercarol@example.com,912.786.8667,6983 Allen Track Apt. 094,South Williamstad,ID,11693,,,,,2026-01-06T14:07:26.382696,2026-05-13T18:06:13.036901
HEALTHBRIDGE,11483,HEALTHBRIDGE_EHR,Timothy,Schmitt,1969-10-18,O,8846,annamontoya@example.org,001-693-782-8918x350,50681 Davis Corners Suite 627,Randallchester,GA,09859,,,,,2024-10-09T10:50:46.489311,2026-05-13T18:06:12.983696
HEALTHBRIDGE,11137,HEALTHBRIDGE_EHR,Mark,Nguyen,1970-01-01,F,2727,duartekevin@example.net,(494)707-8286,729 Michelle Summit Suite 062,Mistymouth,VA,29020,,,,,2024-07-03T23:42:39.694808,2026-05-13T18:06:12.805088
HEALTHBRIDGE,11574,HEALTHBRIDGE_EHR,Suzanne,Vaughn,1972-01-22,O,2677,zhall@example.net,213.969.5944x0640,95339 Byrd Stravenue Apt. 104,Johnsonstad,VA,17725,,,,,2024-02-16T00:55:54.193676,2026-05-13T18:06:13.107911
HEALTHBRIDGE,11046,HEALTHBRIDGE_EHR,Sarah,Meyers,1961-07-16,M,5254,kingwilliam@example.com,(809)738-3739,2760 Campbell Springs,West Samuelview,AL,22830,,,,,2024-09-02T00:49:57.254405,2026-05-13T18:06:12.759850
HEALTHBRIDGE,11038,HEALTHBRIDGE_EHR,Robert,White,1963-10-17,O,3161,amandastewart@example.net,987.402.7853,9241 Thomas Neck,North Monica,NE,90742,,,,,2023-12-10T15:35:05.228692,2026-05-13T18:06:12.755447
HEALTHBRIDGE,11233,HEALTHBRIDGE_EHR,Jessica,Hale,1988-12-26,O,2056,rhernandez@example.org,9679779836,70824 Wesley Turnpike,Lake Michael,VT,91545,,,,,2025-12-12T17:02:21.958900,2026-05-13T18:06:12.853452
HEALTHBRIDGE,11329,HEALTHBRIDGE_EHR,Cynthia,West,1956-02-18,F,3615,xandrews@example.net,942.754.2904x3682,497 Brown Square Suite 867,Port Logan,AR,67555,,,,,2023-09-08T06:25:52.877562,2026-05-13T18:06:12.903256
HEALTHBRIDGE,11398,HEALTHBRIDGE_EHR,Paula,Rodriguez,1997-05-17,F,4478,flemingbrandon@example.net,001-799-215-1414x050,347 Espinoza Rapid,Stoutchester,KS,09959,,,,,2026-01-12T03:25:28.622652,2026-05-13T18:06:12.939683
HEALTHBRIDGE,11045,HEALTHBRIDGE_EHR,Michelle,Robinson,2009-11-04,O,3039,martinezrichard@example.net,262.229.5794x745,73315 Davis Manors Apt. 426,West Maryview,NV,11978,Mason,Robinson,jose15@example.org,(344)558-2969x45419,2026-01-20T12:23:41.880758,2026-05-13T18:06:12.759198
HEALTHBRIDGE,25185,HEALTHBRIDGE_EHR,James,Walker,2023-01-29,F,2572,scott32@example.com,(705)470-3659,0727 Carolyn Squares Suite 699,Port Chadmouth,FL,11762,Jeremy,Walker,whiteryan@example.org,(471)867-2702x2410,2025-04-24T14:59:42.770365,2026-05-13T18:06:13.049009
HEALTHBRIDGE,28196,HEALTHBRIDGE_EHR,Karen,Romero,2005-08-06,O,3747,tmitchell@example.net,932.217.7854x5747,85588 Larry Turnpike Suite 643,Port Steven,MN,40894,,,,,2023-08-12T05:06:31.508741,2026-05-13T18:06:13.000231
HEALTHBRIDGE,11171,HEALTHBRIDGE_EHR,Heidi,Holland,1965-11-30,O,3478,daniel04@example.org,567.477.6795,9673 Miller Manor,Edwardsmouth,OR,16002,,,,,2025-10-16T12:50:14.033897,2026-05-13T18:06:12.822672
HEALTHBRIDGE,11718,HEALTHBRIDGE_EHR,Rodney,Turner,2000-01-10,M,1230,austinpaul@example.com,953-838-3733x1074,110 Abbott Course,West Andrew,MH,63223,,,,,2026-01-28T06:58:25.263591,2026-05-13T18:06:13.187773
HEALTHBRIDGE,11175,HEALTHBRIDGE_EHR,Lisa,Olsen,2005-02-18,M,5415,hinestimothy@example.com,386-826-6786,86381 Alex Flat,Lake Lauren,DC,40221,,,,,2025-06-02T10:14:32.551514,2026-05-13T18:06:12.824864
HEALTHBRIDGE,11399,HEALTHBRIDGE_EHR,George,Jenkins,1948-06-03,O,2243,staylor@example.com,001-639-224-5396x042,4425 Sarah Squares,Ricemouth,WV,82518,,,,,2023-12-03T13:23:37.291354,2026-05-13T18:06:12.940182
HEALTHBRIDGE,11487,HEALTHBRIDGE_EHR,Evan,Walker,1952-08-15,O,0981,ryangreen@example.com,001-637-206-7564,148 Isaiah Cliffs,Reneemouth,WV,91970,,,,,2024-11-05T01:56:56.414828,2026-05-13T18:06:12.985556
HEALTHBRIDGE,11124,HEALTHBRIDGE_EHR,Paige,Davenport,1978-07-24,M,3783,nandersen@example.org,001-987-792-7462x268,15243 Anderson Shoals,South Markborough,VA,13218,,,,,2024-04-18T05:37:50.107675,2026-05-13T18:06:12.798564
HEALTHBRIDGE,11263,HEALTHBRIDGE_EHR,Daniel,Drake,1953-05-25,F,7353,rodrigueznicole@example.com,832.640.9652x61216,001 Fred Fords,Lake Andrew,MT,60106,,,,,2025-02-07T05:27:16.889236,2026-05-13T18:06:12.869170
HEALTHBRIDGE,25947,HEALTHBRIDGE_EHR,Jeffrey,Johnson,1977-12-21,O,6926,martinezjoseph@example.com,001-898-804-6065x349,49166 Nathaniel Islands Suite 739,West Michaelport,ID,55062,,,,,2026-05-13T09:27:06.373676,2026-05-13T18:06:13.059173
HEALTHBRIDGE,11349,HEALTHBRIDGE_EHR,Michael,Villarreal,1998-11-04,O,5454,janicegonzalez@example.com,957.886.6070x250,0695 Zachary Lake Apt. 610,Palmerchester,MN,45870,,,,,2025-12-10T19:42:18.507702,2026-05-13T18:06:12.914014
HEALTHBRIDGE,11260,HEALTHBRIDGE_EHR,Corey,Smith,1994-04-25,M,7602,steelelisa@example.com,670.595.2185x8680,90088 Mark Turnpike Suite 783,East Timothyborough,NV,62300,,,,,2023-12-25T22:00:50.038028,2026-05-13T18:06:12.867804
HEALTHBRIDGE,11475,HEALTHBRIDGE_EHR,Kenneth,Hunter,1995-09-13,M,3373,melissa28@example.com,431-884-8336x49215,8716 Lee Ridge Apt. 032,North Ryan,OH,93944,,,,,2025-09-16T07:06:39.613137,2026-05-13T18:06:12.979967
HEALTHBRIDGE,11356,HEALTHBRIDGE_EHR,Tony,Scott,1946-08-09,O,3437,johnsonjill@example.net,+1-243-297-1182,409 Matthew Throughway,South Jill,DE,64153,,,,,2023-12-17T02:14:38.823114,2026-05-13T18:06:12.917342
HEALTHBRIDGE,11546,HEALTHBRIDGE_EHR,Kimberly,RReed,2000-08-10,F,4803,estanley@example.net,+1-650-967-1657x2628,9453 Joshua Mission Apt. 799,Rogersfort,PR,43101,,,,,2023-11-10T12:11:11.660893,2026-05-13T18:06:13.092398
HEALTHBRIDGE,11306,HEALTHBRIDGE_EHR,Larry,Jimenez,1980-04-22,M,6983,qsilva@example.com,+1-877-605-1865x0679,15905 Morgan Ville Suite 687,West Moniquechester,KS,50033,,,,,2026-03-28T02:33:39.516550,2026-05-13T18:06:12.891417
HEALTHBRIDGE,11343,HEALTHBRIDGE_EHR,David,Smith,1978-04-13,O,0203,daisy96@example.org,277-785-4539,986 Mahoney Summit Suite 923,New Matthew,IA,96312,,,,,2025-11-14T00:06:03.498486,2026-05-13T18:06:12.911012
HEALTHBRIDGE,11113,HEALTHBRIDGE_EHR,Anthony,Blair,1980-03-08,F,6436,lynngutierrez@example.com,(309)861-4909x1009,9545 Walls Gateway Apt. 017,Melissaberg,SD,96864,,,,,2025-12-21T09:59:57.453800,2026-05-13T18:06:12.793233
HEALTHBRIDGE,11083,HEALTHBRIDGE_EHR,Maria,Vaughn,1966-09-13,O,3617,aaronconway@example.com,4954307277,9588 Brown Stravenue Suite 266,East Robertchester,AS,80471,,,,,2024-12-26T01:24:22.533973,2026-05-13T18:06:12.777705
HEALTHBRIDGE,29925,HEALTHBRIDGE_EHR,Bradley,Medina,1987-08-10,F,1945,jessica60@example.com,7967262922,6210 Gonzalez Stravenue,Andersonberg,AS,05767,,,,,2024-08-29T22:08:49.256613,2026-05-13T18:06:13.067022
HEALTHBRIDGE,11758,HEALTHBRIDGE_EHR,Calvin,Poole,1948-02-19,O,2517,cbates@example.org,+1-791-565-1680x0472,0093 Romero Wells Apt. 702,North Donnastad,MD,87061,,,,,2024-06-16T18:29:06.460412,2026-05-13T18:06:13.210749
HEALTHBRIDGE,11229,HEALTHBRIDGE_EHR,Gina,Clark,2017-04-30,M,7073,owenmitchell@example.org,815.888.7850,7514 Joseph Forks,Sharonmouth,MO,03256,David,Clark,sarahwells@example.net,(315)338-6115,2025-01-24T02:19:26.604092,2026-05-13T18:06:12.851300
HEALTHBRIDGE,11162,HEALTHBRIDGE_EHR,Amanda,Thompson,2011-03-10,M,4496,seanschultz@example.net,+1-885-793-0822x7814,536 John Trail,North Samuel,SC,39889,Robert,Thompson,petersonlauren@example.net,001-323-606-7801x946,2025-10-22T04:35:01.272039,2026-05-13T18:06:12.817903
HEALTHBRIDGE,11369,HEALTHBRIDGE_EHR,Emily,Perez,1964-06-27,O,5346,ejones@example.net,5595746899,3740 Moore Glens,South David,VT,31353,,,,,2024-02-02T18:34:32.695155,2026-05-13T18:06:12.924809
HEALTHBRIDGE,11438,HEALTHBRIDGE_EHR,Rachel,Peterson,1962-11-16,F,3510,mshort@example.org,001-870-852-4169x456,6469 Joshua Station Suite 000,Port Heidiborough,WV,58644,,,,,2024-02-26T07:26:09.184297,2026-05-13T18:06:12.961641
HEALTHBRIDGE,23900,HEALTHBRIDGE_EHR,Tracie,Long,1988-08-11,O,7208,qmcmahon@example.org,370.615.3987x40541,117 Jackson Common Suite 227,Anthonystad,CO,22498,,,,,2025-11-13T14:26:42.238399,2026-05-13T18:06:13.013063
HEALTHBRIDGE,11016,HEALTHBRIDGE_EHR,Grant,Peterson,1956-02-24,M,2988,david39@example.net,+1-955-378-0228x017,2945 Dennis Lights,Josephbury,WI,48310,,,,,2025-05-13T19:41:20.117933,2026-05-13T18:06:12.744151
HEALTHBRIDGE,11736,HEALTHBRIDGE_EHR,Carla,Suarez,2023-05-04,M,2548,iadams@example.org,+1-557-548-5913x375,8238 Wayne Creek Suite 946,Mirandachester,OH,80877,Derek,Martin,kylelindsey@example.com,807.525.7975x13154,2025-05-14T19:58:14.571881,2026-05-13T18:06:13.198382
HEALTHBRIDGE,11172,HEALTHBRIDGE_EHR,Anthony,Jacobs,2019-05-27,F,4168,joseph02@example.net,001-694-343-8826x976,667 Miranda Pike,Randallshire,MO,79474,April,Jacobs,oholmes@example.net,641-283-5909,2025-12-24T01:52:54.422827,2026-05-13T18:06:12.823205
HEALTHBRIDGE,11274,HEALTHBRIDGE_EHR,David,Hill,1993-04-07,O,2128,barnesrebecca@example.com,9728652014,673 Jackson Bypass,New Johnburgh,DE,96807,,,,,2025-01-30T19:49:20.279394,2026-05-13T18:06:12.874687
HEALTHBRIDGE,11416,HEALTHBRIDGE_EHR,Stephanie,Woods,1990-05-16,M,8489,michellejones@example.net,9174066863,858 Megan Passage,Jessicaton,AS,40441,,,,,2024-10-22T12:56:35.608487,2026-05-13T18:06:12.949643
HEALTHBRIDGE,29658,HEALTHBRIDGE_EHR,Melissa,Russell,1953-08-09,F,9064,thompsonstephen@example.com,704-808-6732,106 Joshua Club Suite 569,Lake Melissa,UT,70685,,,,,2025-07-31T22:49:57.705076,2026-05-13T18:06:13.039734
HEALTHBRIDGE,25395,HEALTHBRIDGE_EHR,Julie,Hernandez,2010-09-27,O,4412,drew05@example.net,+1-963-810-6268x4418,76872 Martinez Ways Apt. 429,Richardsonside,SC,12050,Clayton,Hernandez,bryan08@example.net,(359)923-0651,2023-07-16T15:16:16.171165,2026-05-13T18:06:13.018877
HEALTHBRIDGE,11759,HEALTHBRIDGE_EHR,Denise,Poole,2019-10-13,O,4137,cbates@example.org,7527994232,34923 Deanna Corner Apt. 430,West Zachary,SC,27085,Allen,Rodriguez,pfuller@example.org,(976)590-4744,2024-02-07T17:53:19.982437,2026-05-13T18:06:13.211210
HEALTHBRIDGE,11105,HEALTHBRIDGE_EHR,Doris,Hughes,2005-12-20,O,6332,markbishop@example.net,+1-627-904-0043x8666,2602 Edwards Street,Farleyborough,MT,66491,,,,,2023-06-14T17:57:35.077500,2026-05-13T18:06:12.789189
HEALTHBRIDGE,11163,HEALTHBRIDGE_EHR,Jane,Jones,1955-09-05,M,3425,annacowan@example.com,771-820-8362x4874,78861 Mcintosh Unions,Port Shannon,MT,03821,,,,,2025-06-22T20:53:18.417692,2026-05-13T18:06:12.818690
HEALTHBRIDGE,21478,HEALTHBRIDGE_EHR,Katelyn,Byrd,1972-11-23,F,4635,elizabeth11@example.net,+1-240-965-4765x1267,51383 Boyle Loop Apt. 933,Elizabethmouth,NE,43848,,,,,2023-09-10T00:33:29.344315,2026-05-13T18:06:13.011649
HEALTHBRIDGE,11326,HEALTHBRIDGE_EHR,Chase,Guzman,1999-01-20,O,7287,mitchell90@example.org,(853)454-2372x4667,7617 Schneider Radial,West Lindamouth,GA,99608,,,,,2023-10-17T12:31:57.914390,2026-05-13T18:06:12.901817
HEALTHBRIDGE,25134,HEALTHBRIDGE_EHR,Charles,Roberts,1995-12-04,M,4657,pamela61@example.net,001-458-418-1106x994,97895 Dawn Drive,North Rebeccaton,TX,73841,,,,,2025-02-28T13:31:20.420964,2026-05-13T18:06:13.017508
HEALTHBRIDGE,28605,HEALTHBRIDGE_EHR,William,Gibson,1953-07-30,F,1196,tesparza@example.net,(799)315-8973x0378,429 Ricky Mountain Suite 190,Edwardsmouth,MO,10799,,,,,2023-08-30T16:02:34.100843,2026-05-13T18:06:13.006902
HEALTHBRIDGE,11161,HEALTHBRIDGE_EHR,Haley,Nichols,1960-04-25,F,9018,randolphchristopher@example.com,216.403.3841x7876,9072 Gentry Spur Suite 881,West Heatherbury,OR,12045,,,,,2024-08-13T10:35:31.538593,2026-05-13T18:06:12.817397
HEALTHBRIDGE,11111,HEALTHBRIDGE_EHR,David,Leach,1970-01-27,O,4519,edward58@example.com,(672)292-9907x2267,015 Garcia Path Apt. 738,Lamberthaven,IL,31512,,,,,2025-03-19T03:50:32.815036,2026-05-13T18:06:12.792301
HEALTHBRIDGE,28941,HEALTHBRIDGE_EHR,Cameron,Sexton,1951-11-01,M,4019,melissa13@example.org,001-574-548-5195x442,0258 Mcguire Circles Apt. 889,Lake Lisa,NV,13084,,,,,2026-05-10T01:32:49.099892,2026-05-13T18:06:13.050656
HEALTHBRIDGE,11280,HEALTHBRIDGE_EHR,Shannon,Lopez,1946-02-20,O,6432,randy45@example.com,8487511990,322 Washington Cliffs Apt. 178,Danielstad,PA,93748,,,,,2023-11-17T19:15:49.390961,2026-05-13T18:06:12.877856
HEALTHBRIDGE,24166,HEALTHBRIDGE_EHR,Edward,West,1944-08-10,O,9081,anthony56@example.net,(382)461-6913x438,025 Jackson Rapid Suite 476,West Jessicaton,ME,19786,,,,,2024-02-29T21:02:54.762361,2026-05-13T18:06:13.038303
HEALTHBRIDGE,11770,HEALTHBRIDGE_EHR,Glenda,Ward,2002-06-26,M,4550,powellsarah@example.net,001-322-996-0691x382,952 Angela Meadows,Holmesberg,IL,86962,,,,,2025-02-08T03:47:18.803192,2026-05-13T18:06:13.217389
HEALTHBRIDGE,11250,HEALTHBRIDGE_EHR,David,Ware,2001-06-17,F,0447,calvinburns@example.com,813.887.3140x3191,162 Francis Shore Suite 988,Mendozafurt,HI,97042,,,,,2023-08-05T07:19:42.524271,2026-05-13T18:06:12.862765
HEALTHBRIDGE,11716,HEALTHBRIDGE_EHR,Spencer,Harding,2020-09-22,O,8652,rthomas@example.net,5467779338,1911 Keller Meadow,Taraburgh,RI,18951,,,,,2026-04-09T15:44:09.337790,2026-05-13T18:06:13.186473
HEALTHBRIDGE,11029,HEALTHBRIDGE_EHR,Tyler,Brooks,1942-04-02,F,7884,michaelwhitehead@example.net,(947)426-8474x64550,01850 Sarah Neck,Richardport,GU,46457,,,,,2025-08-13T00:11:39.517888,2026-05-13T18:06:12.750956
HEALTHBRIDGE,11364,HEALTHBRIDGE_EHR,George,Gonzales,1989-09-10,M,3346,vhampton@example.com,252-878-4300x3987,5949 Donna Walk Suite 849,Terryborough,UT,23886,,,,,2023-05-22T11:32:42.346202,2026-05-13T18:06:12.921336
HEALTHBRIDGE,26928,HEALTHBRIDGE_EHR,Timothy,Collins,1954-04-14,M,8410,john27@example.net,202-465-5859x2458,310 William Rue,Jennifertown,GU,43201,,,,,2025-08-08T18:00:54.937480,2026-05-13T18:06:13.024967
HEALTHBRIDGE,28133,HEALTHBRIDGE_EHR,Mary,Burns,1943-09-24,F,7669,vegaapril@example.org,675-842-3735x34972,25350 Susan Falls,Villaview,SD,52345,,,,,2025-04-13T23:06:59.134623,2026-05-13T18:06:13.010007
HEALTHBRIDGE,11168,HEALTHBRIDGE_EHR,Kristen,Long,1944-09-23,M,9984,vicki73@example.net,001-341-709-6006x616,76602 Carter Landing,Burkeshire,CO,67382,,,,,2023-08-14T18:08:44.274236,2026-05-13T18:06:12.821094
HEALTHBRIDGE,11311,HEALTHBRIDGE_EHR,Grant,Murphy,1976-08-01,M,2185,lance51@example.net,8932757707,69413 Velasquez Extension Suite 836,Tiffanystad,OR,48275,,,,,2024-12-23T15:16:14.448876,2026-05-13T18:06:12.893908
HEALTHBRIDGE,11096,HEALTHBRIDGE_EHR,Marie,Bryant,1989-04-09,M,0893,pageamanda@example.org,7779842845,86770 Patterson Curve Apt. 922,West Brenda,DE,34441,,,,,2023-12-24T23:41:53.197973,2026-05-13T18:06:12.784293
HEALTHBRIDGE,11354,HEALTHBRIDGE_EHR,Holly,Torres,1961-11-23,M,9155,amber18@example.com,998.921.2558,50315 Jared Track Suite 508,Morrischester,RI,74249,,,,,2026-02-14T19:53:45.354308,2026-05-13T18:06:12.916425
HEALTHBRIDGE,11346,HEALTHBRIDGE_EHR,Regina,Lewis,1949-08-13,O,9562,mhartman@example.net,001-631-461-2099x286,5153 Sandoval Turnpike Apt. 097,Barryfurt,MS,81235,,,,,2025-02-21T13:25:17.141069,2026-05-13T18:06:12.912379
HEALTHBRIDGE,11421,HEALTHBRIDGE_EHR,Karen,Kennedy,2022-05-06,F,5705,benjamin87@example.com,705-262-4481x88867,91938 Brown Harbors,West Nancytown,CT,32057,Cindy,Kennedy,jason28@example.net,001-414-504-6247x863,2024-03-11T23:34:26.233734,2026-05-13T18:06:12.952154
HEALTHBRIDGE,11214,HEALTHBRIDGE_EHR,Cory,Scott,1956-01-29,O,3992,andersonjulia@example.org,(807)563-4433x4602,564 Jennifer Route,New Linda,TN,65423,,,,,2023-06-24T09:00:19.410946,2026-05-13T18:06:12.844188
HEALTHBRIDGE,11373,HEALTHBRIDGE_EHR,Linda,Terrell,1950-03-08,O,2634,sgallagher@example.com,001-293-380-5145x386,120 Peterson Avenue Apt. 069,West Michaelstad,OK,29211,,,,,2025-12-18T14:41:51.182714,2026-05-13T18:06:12.926741
HEALTHBRIDGE,11365,HEALTHBRIDGE_EHR,Jennifer,Thomas,2005-12-19,F,8870,ztran@example.net,703.575.5785x4576,246 Harris Parkways,East Davidburgh,MI,60858,,,,,2024-06-23T03:41:35.870775,2026-05-13T18:06:12.922262
HEALTHBRIDGE,11350,HEALTHBRIDGE_EHR,Jill,Taylor,1970-10-21,F,8887,tyler14@example.org,(540)743-9684,00182 Rachel Oval Apt. 638,New Jasonshire,SC,84509,,,,,2023-10-20T00:26:40.769794,2026-05-13T18:06:12.914393
HEALTHBRIDGE,11305,HEALTHBRIDGE_EHR,Corey,Clark,2000-03-26,M,8145,michael58@example.org,+1-295-665-6219x2959,47537 Singleton Throughway Suite 825,Mcconnellhaven,MI,71725,,,,,2024-08-25T10:51:38.384474,2026-05-13T18:06:12.890880
HEALTHBRIDGE,11050,HEALTHBRIDGE_EHR,Debbie,Clark,2003-03-14,M,0512,anthonyjones@example.org,001-531-577-9053x403,51801 Powell Plains,East Johnberg,ND,08145,,,,,2025-12-20T21:40:00.471538,2026-05-13T18:06:12.761697
HEALTHBRIDGE,29573,HEALTHBRIDGE_EHR,Marissa,Wood,2001-04-13,O,9867,englishsheila@example.net,628.560.4161,3491 Mary Views Suite 574,Simsbury,ID,30723,,,,,2023-07-14T21:25:53.562526,2026-05-13T18:06:13.020478
HEALTHBRIDGE,11216,HEALTHBRIDGE_EHR,Adam,Diaz,1952-10-21,O,5606,thomassingleton@example.org,540.587.0568,5638 Lawrence Circles Apt. 843,Phillipsfurt,OR,73972,,,,,2023-06-29T10:19:53.636694,2026-05-13T18:06:12.845141
HEALTHBRIDGE,11470,HEALTHBRIDGE_EHR,Nicole,Oconnell,2019-01-09,M,5113,samantha81@example.org,001-968-288-1078x632,78176 John Stravenue,West Matthew,NC,71839,Deborah,Oconnell,martinscott@example.com,451-680-7844,2023-09-15T21:59:42.677024,2026-05-13T18:06:12.977357
HEALTHBRIDGE,11518,HEALTHBRIDGE_EHR,John,Leblanc,1991-09-06,O,9863,jmorton@example.org,5808132677,60647 Henderson Street,Mooreport,IL,08166,Frank,Nguyen,bennettwilliam@example.org,001-820-435-8139x795,2025-05-01T17:30:44.819646,2026-05-13T18:06:13.077015
HEALTHBRIDGE,11491,HEALTHBRIDGE_EHR,Katherine,Boone,1971-07-01,M,4201,morrisshelly@example.net,001-322-891-3790,047 Norris Forks Apt. 994,Schroederville,ME,13932,,,,,2026-01-28T07:45:03.793846,2026-05-13T18:06:12.987407
HEALTHBRIDGE,11544,HEALTHBRIDGE_EHR,Karen,Herring,1972-03-24,F,6201,maryhowell@example.org,390-389-5710x706,90496 David Flat Apt. 931,Melissaville,WY,74678,Marcus,Smith,scott82@example.com,+1-736-290-0897x3036,2024-11-07T05:32:07.156086,2026-05-13T18:06:13.091339
HEALTHBRIDGE,11110,HEALTHBRIDGE_EHR,Theresa,Moore,1988-05-13,F,5765,jenniferwilliams@example.net,+1-876-662-0840x784,57746 Taylor Rapid,Dixonmouth,MP,56525,,,,,2024-05-23T19:20:05.262197,2026-05-13T18:06:12.791876
HEALTHBRIDGE,11302,HEALTHBRIDGE_EHR,Patrick,Downs,2005-09-19,O,0750,stacyphillips@example.net,4245966899,552 Charles Springs Apt. 544,Andreaport,NM,78440,,,,,2023-10-15T18:06:45.632306,2026-05-13T18:06:12.889479
HEALTHBRIDGE,11679,HEALTHBRIDGE_EHR,Erica,Fernandez,1950-07-26,M,6932,ortizdonna@example.net,001-818-750-1631x599,477 Michael Lane,Lopezshire,TN,50317,,,,,2025-03-20T02:21:26.828802,2026-05-13T18:06:13.164105
HEALTHBRIDGE,11460,HEALTHBRIDGE_EHR,Adrian,Scott,1967-11-17,F,7531,heather76@example.com,244.810.5794,53293 Joseph Village Suite 834,Davidshire,MN,42346,,,,,2026-02-14T01:44:04.231934,2026-05-13T18:06:12.972315
HEALTHBRIDGE,11292,HEALTHBRIDGE_EHR,Tamara,Smith,2011-12-20,O,3327,lawsondouglas@example.com,(631)575-5046x161,39726 Rogers Key Suite 690,Christopherberg,MI,87018,Christina,Smith,rgonzalez@example.net,5383552882,2025-08-15T11:08:22.083021,2026-05-13T18:06:12.884539
HEALTHBRIDGE,11249,HEALTHBRIDGE_EHR,Eileen,Roach,1975-04-25,O,7752,andreacollins@example.org,202-994-8046x886,42724 Trujillo Cove Apt. 578,Leeside,CO,45246,,,,,2026-01-12T09:32:31.861725,2026-05-13T18:06:12.862217
HEALTHBRIDGE,11185,HEALTHBRIDGE_EHR,Sheila,Aguirre,1970-02-06,O,4953,ckelly@example.com,2986020752,074 Bianca Roads Suite 484,Cowanborough,RI,22487,,,,,2023-06-28T10:24:22.959492,2026-05-13T18:06:12.829415
HEALTHBRIDGE,11026,HEALTHBRIDGE_EHR,David,Ewing,1952-01-26,O,0549,erika64@example.org,587.804.8113x537,72959 Alexander Mountains Apt. 554,South Christopherburgh,UT,77547,,,,,2026-02-15T00:34:27.778577,2026-05-13T18:06:12.749414
HEALTHBRIDGE,11010,HEALTHBRIDGE_EHR,Christopher,Ramirez,1945-10-01,F,0149,jjones@example.net,(353)422-2470x81014,98840 Sanchez Trafficway Suite 812,Robertsonfort,WV,79337,,,,,2024-02-11T16:16:51.896973,2026-05-13T18:06:12.741227
HEALTHBRIDGE,11608,HEALTHBRIDGE_EHR,Elizabeth,Calderon,1968-11-04,O,5930,lucasrodney@example.com,4544235733,1888 Ebony Wells,New Nicholas,GA,24204,,,,,2025-02-13T03:41:44.574080,2026-05-13T18:06:13.125792
HEALTHBRIDGE,11033,HEALTHBRIDGE_EHR,Timothy,Young,2007-04-27,O,7786,christopherwalker@example.com,977.556.1918x98755,290 Samantha Islands,West Justinville,NV,30662,,,,,2024-07-03T04:06:38.303549,2026-05-13T18:06:12.753041
HEALTHBRIDGE,11122,HEALTHBRIDGE_EHR,Ryan,Flowers,1973-03-10,M,1749,gknight@example.net,454-841-9838x5792,901 Pratt Knoll,West Carrieshire,MD,22251,,,,,2024-10-22T19:31:14.768486,2026-05-13T18:06:12.797482
HEALTHBRIDGE,11374,HEALTHBRIDGE_EHR,Patricia,Moore,1972-02-23,M,2514,michellescott@example.com,(752)332-2148x94413,9933 John Common Suite 695,South Alexanderchester,PA,48910,,,,,2025-06-28T05:15:48.537671,2026-05-13T18:06:12.927268
HEALTHBRIDGE,11020,HEALTHBRIDGE_EHR,Vanessa,Newman,1952-05-27,M,1477,meyerkathleen@example.net,(736)913-9594x59211,50194 Lewis Oval,Taylorborough,NY,76970,,,,,2024-07-02T09:24:31.820719,2026-05-13T18:06:12.746312
HEALTHBRIDGE,27780,HEALTHBRIDGE_EHR,Bonnie,Smith,2006-08-27,M,1389,jonesdeborah@example.net,721.939.8302x0056,386 Ricky Causeway,New Loriland,OR,14661,,,,,2026-01-06T22:26:40.587308,2026-05-13T18:06:13.053342
HEALTHBRIDGE,29354,HEALTHBRIDGE_EHR,Joshua,Smith,1967-10-09,F,2187,ojones@example.net,001-654-640-2919x565,492 Amanda Villages,Jenniferton,VT,18033,,,,,2023-10-08T18:28:07.887581,2026-05-13T18:06:12.998809
HEALTHBRIDGE,11551,HEALTHBRIDGE_EHR,Jacqueline,Nelsoon,1970-02-18,O,1139,jerry35@example.org,001-682-533-7498x941,40824 Terri Plaza Suite 271,New Justinfort,NV,45158,,,,,2025-09-03T16:51:46.717164,2026-05-13T18:06:13.095199
HEALTHBRIDGE,11189,HEALTHBRIDGE_EHR,Rebecca,Rice,2022-08-23,O,2174,charlesmartinez@example.org,2073290847,0564 Little Springs,Singhside,SC,49045,Michael,Rice,tannerlinda@example.org,(575)994-7910x9999,2024-09-23T02:03:47.439317,2026-05-13T18:06:12.831303
HEALTHBRIDGE,11602,HEALTHBRIDGE_EHR,Crystal,Hogan,1990-08-08,M,8830,rruiz@example.com,200.954.1199x867,9782 Shannon Valleys,Toniland,NY,85190,,,,,2023-07-06T08:00:28.292942,2026-05-13T18:06:13.122849
HEALTHBRIDGE,11009,HEALTHBRIDGE_EHR,Kathleen,Matthews,1990-11-27,F,7687,xneal@example.org,001-437-984-9531,4580 Claudia Park,Wattsville,ID,35738,,,,,2024-08-12T19:33:04.286814,2026-05-13T18:06:12.740747
HEALTHBRIDGE,11179,HEALTHBRIDGE_EHR,Robin,Wise,1967-08-17,O,0306,simonjuan@example.org,718.441.7326,6554 Adkins Crossroad,East Kathleenside,KY,97157,,,,,2026-04-20T13:11:34.619535,2026-05-13T18:06:12.826729
HEALTHBRIDGE,11441,HEALTHBRIDGE_EHR,Timothy,Jimenez,2003-04-07,F,8088,steven13@example.org,238.323.7084x44685,813 Espinoza Springs,Melissaside,ME,23696,,,,,2025-03-19T03:35:13.810626,2026-05-13T18:06:12.963062
HEALTHBRIDGE,11144,HEALTHBRIDGE_EHR,Misty,Snyder,1962-04-16,O,6292,alicia81@example.org,+1-359-820-6304,72618 Alec Key Apt. 100,South Carolynburgh,WV,42949,,,,,2023-07-23T15:18:13.814483,2026-05-13T18:06:12.808492
HEALTHBRIDGE,11018,HEALTHBRIDGE_EHR,Michael,Duran,1946-02-26,F,0317,lhayes@example.com,345.375.0218x852,460 Jennifer Field Apt. 968,Weaverhaven,VI,39525,,,,,2023-11-23T06:14:36.041102,2026-05-13T18:06:12.745262
HEALTHBRIDGE,11482,HEALTHBRIDGE_EHR,Kristina,Miller,1964-04-19,O,4945,rebeccaanderson@example.com,361-523-9554x5259,06773 Sherry Springs Suite 803,West Richard,MO,21590,,,,,2023-07-08T18:31:01.067117,2026-05-13T18:06:12.983168
HEALTHBRIDGE,11060,HEALTHBRIDGE_EHR,Lisa,Spencer,1976-08-07,O,2931,coreyarellano@example.com,611-742-4124,7313 Jones Streets Suite 419,Lake Robertmouth,ME,42113,,,,,2025-04-30T08:26:40.376919,2026-05-13T18:06:12.766529
HEALTHBRIDGE,11338,HEALTHBRIDGE_EHR,Jennifer,Moore,1949-01-10,M,7014,atkinsonjesus@example.com,594-753-8823x23453,8228 Cabrera Trail Suite 549,Lake Adam,WY,29478,,,,,2025-11-20T20:04:57.953729,2026-05-13T18:06:12.908394
HEALTHBRIDGE,23867,HEALTHBRIDGE_EHR,Eugene,Kaufman,1944-04-30,F,6895,deborah54@example.net,001-654-947-2787x924,74066 Cole Trail Suite 206,East Thomasside,VI,22167,,,,,2023-12-09T09:29:13.113185,2026-05-13T18:06:12.995912
HEALTHBRIDGE,11298,HEALTHBRIDGE_EHR,Troy,Castillo,2006-04-30,F,0918,lawrence84@example.com,(863)733-3884,034 Latoya Points,West Christopher,AZ,15903,,,,,2024-08-18T16:33:41.159160,2026-05-13T18:06:12.887517
HEALTHBRIDGE,11244,HEALTHBRIDGE_EHR,Joshua,Flores,2024-01-09,F,1279,catherinehernandez@example.net,001-945-641-8337x881,0743 Brandon Flats,Margaretton,SD,93691,Scott,Flores,vwest@example.com,8059357603,2025-10-09T09:12:09.118819,2026-05-13T18:06:12.859627
HEALTHBRIDGE,11501,HEALTHBRIDGE_EHR,Danielle,Johnson,1966-04-01,M,0409,john21@example.net,001-581-896-0013x389,9402 Peterson Drives,Port Matthew,CO,50298,,,,,2026-03-13T10:49:13.616456,2026-05-13T18:06:13.068304
HEALTHBRIDGE,11404,HEALTHBRIDGE_EHR,Keith,Thomas,2016-10-14,M,8059,morrisblake@example.com,978-230-7501x632,491 Garcia Brook,Davidfurt,ID,54687,Gary,Thomas,jessicalopez@example.com,654-836-7687x967,2026-03-02T19:25:15.081503,2026-05-13T18:06:12.942782
HEALTHBRIDGE,11052,HEALTHBRIDGE_EHR,Larry,Crane,1958-06-28,F,8615,duanemclean@example.com,482-361-3506,401 Delacruz Vista,Leblanctown,MO,18319,,,,,2025-06-29T00:08:24.974727,2026-05-13T18:06:12.762571
HEALTHBRIDGE,11035,HEALTHBRIDGE_EHR,David,Powell,1996-06-03,O,5544,foxann@example.net,578-582-7376x30977,6097 Gordon Islands Suite 004,Wendyton,NV,92809,,,,,2023-10-14T23:29:31.188545,2026-05-13T18:06:12.753993
HEALTHBRIDGE,11303,HEALTHBRIDGE_EHR,Sean,Brown,1992-05-14,M,0818,lindseymadison@example.net,403.722.1775x990,983 Anthony Fords Apt. 041,East Danielleberg,NY,09357,,,,,2023-07-13T01:39:24.918751,2026-05-13T18:06:12.889990
HEALTHBRIDGE,11756,HEALTHBRIDGE_EHR,Angela,Frey,1993-04-30,O,3120,luisdillon@example.org,(892)837-9259,66011 Reed Pine Suite 511,Theresatown,IA,42964,,,,,2024-06-16T02:09:32.177320,2026-05-13T18:06:13.209640
HEALTHBRIDGE,11085,HEALTHBRIDGE_EHR,Andrew,Huff,1979-10-16,F,6460,vlang@example.net,(950)216-9156,823 Timothy Cape Apt. 813,Port Melissa,ME,97095,,,,,2025-02-07T00:33:00.753714,2026-05-13T18:06:12.778539
HEALTHBRIDGE,11409,HEALTHBRIDGE_EHR,William,Morgan,2018-02-21,O,0958,james62@example.org,(281)448-4991x9872,30084 Sandra Forge,West Rachelshire,VT,72552,Veronica,Morgan,pgarza@example.org,6505749504,2023-09-18T08:18:55.628962,2026-05-13T18:06:12.945619
HEALTHBRIDGE,11401,HEALTHBRIDGE_EHR,Gina,Dean,2016-07-20,F,8095,harrisondebra@example.org,970-225-3379,43775 White Land Apt. 717,North Gail,MD,30702,Angel,Dean,saralopez@example.com,001-364-774-1331,2024-02-01T03:29:35.569362,2026-05-13T18:06:12.941147
HEALTHBRIDGE,11474,HEALTHBRIDGE_EHR,Mary,Harris,1967-11-16,O,6394,vgarcia@example.net,427-701-8233x200,46740 Davis Trail,Jeffreyville,WV,10661,,,,,2024-05-20T17:06:05.667249,2026-05-13T18:06:12.979516
HEALTHBRIDGE,11610,HEALTHBRIDGE_EHR,Marie,Wisee,1992-03-12,M,8348,jenniferwilliams@example.com,+1-937-994-7383x4735,8862 Laurie Dam Suite 075,Lake Meghanville,LA,11494,Maria,Cline,davidwright@example.org,001-491-939-6839x028,2024-06-02T11:10:28.939800,2026-05-13T18:06:13.126802
HEALTHBRIDGE,11709,HEALTHBRIDGE_EHR,Ashley,Smith,2003-06-14,O,4699,lopezkaren@example.org,(912)237-0322,2087 Melissa Inlet Apt. 221,Kathybury,WY,39372,,,,,2026-01-01T01:12:28.475958,2026-05-13T18:06:13.181578
HEALTHBRIDGE,11007,HEALTHBRIDGE_EHR,Vincent,Hamilton,1996-10-06,F,5992,owenselizabeth@example.com,+1-313-580-5732,8864 Cook Landing Apt. 615,North Scottstad,TN,48394,,,,,2026-04-23T18:53:52.176395,2026-05-13T18:06:12.739789
HEALTHBRIDGE,11167,HEALTHBRIDGE_EHR,Melanie,Francis,1963-03-24,O,9218,colleenclark@example.org,629.440.2759,16575 Flores Hollow Suite 328,North Ginafort,TN,98571,,,,,2025-08-17T17:29:57.321645,2026-05-13T18:06:12.820661
HEALTHBRIDGE,11067,HEALTHBRIDGE_EHR,Sandra,Fields,1980-11-13,O,4162,fthompson@example.net,+1-990-788-0683x1121,223 Stephanie Ferry,Peterfort,DC,45880,,,,,2023-05-16T13:32:53.091841,2026-05-13T18:06:12.769717
HEALTHBRIDGE,22302,HEALTHBRIDGE_EHR,Teresa,Morris,1967-07-03,F,0555,vperez@example.org,408.972.5842x30227,15272 Cesar Crest Suite 341,Reyesbury,ND,21300,,,,,2024-08-13T23:43:16.895835,2026-05-13T18:06:12.994493
HEALTHBRIDGE,11149,HEALTHBRIDGE_EHR,Cassandra,Sullivan,1951-01-05,O,2960,camerondaniel@example.com,001-850-375-1926x775,228 Frey Street Suite 568,Muellerburgh,AL,19137,,,,,2026-01-11T07:43:16.583887,2026-05-13T18:06:12.810861
HEALTHBRIDGE,11449,HEALTHBRIDGE_EHR,Kelsey,Vazquez,1957-03-29,M,6958,ryanhart@example.com,570-473-8546x05217,30587 Lauren Pass,East Tonyaburgh,OR,86556,,,,,2025-10-25T01:02:30.457272,2026-05-13T18:06:12.967095
HEALTHBRIDGE,11331,HEALTHBRIDGE_EHR,Christy,Olson,1950-03-02,F,6119,chad03@example.com,358.906.9328x9401,03709 Garcia Greens,Bassshire,AR,72838,,,,,2024-10-04T19:54:55.753504,2026-05-13T18:06:12.904475
HEALTHBRIDGE,11139,HEALTHBRIDGE_EHR,Alicia,Hensley,1951-04-16,O,8202,john28@example.net,+1-712-523-9657,4451 Connie Lights Apt. 220,Port Juan,MT,34106,,,,,2025-05-24T09:45:09.865193,2026-05-13T18:06:12.806060
HEALTHBRIDGE,11683,HEALTHBRIDGE_EHR,Christopher,Montgomeery,1992-08-18,M,3295,jennifermiller@example.org,(426)355-1104x7541,7888 Garcia Corners,Angelamouth,VI,50994,,,,,2026-03-05T06:40:25.705160,2026-05-13T18:06:13.166052
HEALTHBRIDGE,11604,HEALTHBRIDGE_EHR,Gerald,Wright,1989-07-27,F,7019,hritter@example.net,3538301925,4925 Brandi Divide Suite 462,West Angelicamouth,GU,17251,,,,,2025-11-04T16:10:17.347930,2026-05-13T18:06:13.123881
HEALTHBRIDGE,11340,HEALTHBRIDGE_EHR,Rachel,West,1988-08-02,M,6844,andrew79@example.org,651-609-8100,02773 Karen Springs,Rogersshire,LA,19642,,,,,2024-09-14T05:44:24.287004,2026-05-13T18:06:12.909327
HEALTHBRIDGE,11478,HEALTHBRIDGE_EHR,Jeff,Cross,1998-08-19,M,4708,sabrina99@example.net,521.211.5292x709,6420 Jessica Course Suite 310,North Cheyenneville,AK,89764,,,,,2025-08-30T08:01:25.169354,2026-05-13T18:06:12.981252
HEALTHBRIDGE,11463,HEALTHBRIDGE_EHR,Ashley,Hunt,1958-09-23,M,9320,masonsalazar@example.net,+1-943-226-0322x4080,78171 Williams Light,Eddiefurt,AL,66856,,,,,2024-11-22T22:53:17.941230,2026-05-13T18:06:12.973878
HEALTHBRIDGE,11156,HEALTHBRIDGE_EHR,Roger,Edwards,2015-04-28,M,0531,kweber@example.com,(963)227-3243,919 Mark Lodge,Feliciaville,KS,08744,Kyle,Edwards,orozcorandy@example.net,229.787.6816,2025-06-02T20:27:15.582280,2026-05-13T18:06:12.814641
HEALTHBRIDGE,11485,HEALTHBRIDGE_EHR,Aaron,Martinez,1985-05-14,O,8457,donaldsolomon@example.net,584.281.3120x59308,220 Jennifer Inlet,Port Vincentchester,PW,78111,,,,,2024-09-05T16:35:46.860249,2026-05-13T18:06:12.984690
HEALTHBRIDGE,11768,HEALTHBRIDGE_EHR,Michael,Ward,1979-12-25,O,4399,powellsarah@example.net,751-672-7484x79270,1735 Richard Manor Suite 470,Cummingsfort,ME,01122,,,,,2025-03-10T23:59:10.027415,2026-05-13T18:06:13.216348
HEALTHBRIDGE,11392,HEALTHBRIDGE_EHR,Chase,Owen,2014-11-18,F,7300,martinpamela@example.net,(539)455-1216,85414 Selena Lodge,Lake Dean,WA,98350,Kenneth,Owen,james71@example.com,+1-204-351-9678x7788,2023-09-30T20:43:48.359618,2026-05-13T18:06:12.936643
HEALTHBRIDGE,11147,HEALTHBRIDGE_EHR,David,Vargas,1989-02-28,M,2930,lharris@example.org,207-541-3596x6533,85743 Cassidy Radial Suite 800,Port Angelaville,MO,19062,,,,,2025-05-29T22:44:57.352705,2026-05-13T18:06:12.809936
HEALTHBRIDGE,11136,HEALTHBRIDGE_EHR,Alexander,Chang,2002-02-11,F,7201,dallen@example.com,(352)532-4342,796 Hahn Expressway Apt. 733,Andrewchester,VT,34452,,,,,2025-12-07T17:19:37.005245,2026-05-13T18:06:12.804571
HEALTHBRIDGE,11307,HEALTHBRIDGE_EHR,Victor,Howard,1956-12-15,M,9436,gloverkevin@example.com,(706)238-2850x41627,92252 Jack Trail,New Alexander,OR,88579,,,,,2025-07-12T11:17:25.095284,2026-05-13T18:06:12.891948
HEALTHBRIDGE,11488,HEALTHBRIDGE_EHR,Andrew,Callahan,1961-10-05,M,3938,luke32@example.org,(585)855-0269x4505,2288 Harrington Ports,New Edward,VA,70241,,,,,2025-04-08T00:19:25.007645,2026-05-13T18:06:12.985992
HEALTHBRIDGE,11265,HEALTHBRIDGE_EHR,Ryan,Hall,2008-06-25,F,7074,markgriffin@example.org,708-372-7410,798 Nathan Junction Apt. 849,Jenniferstad,GA,82120,John,Hall,donald17@example.org,(284)424-8729,2024-08-20T19:29:26.826147,2026-05-13T18:06:12.870076
HEALTHBRIDGE,11231,HEALTHBRIDGE_EHR,Manuel,Hardy,1952-08-25,M,2841,kevinsmith@example.net,(509)369-2533x60109,400 Fred Stravenue,Davidville,WY,77470,,,,,2023-10-09T17:49:15.372190,2026-05-13T18:06:12.852481
HEALTHBRIDGE,11223,HEALTHBRIDGE_EHR,Rebecca,Terry,1988-10-03,O,4775,austin62@example.net,+1-933-774-1535x833,905 Kathryn Prairie,Matthewfort,MN,75262,,,,,2024-05-26T16:15:54.049232,2026-05-13T18:06:12.848451
HEALTHBRIDGE,11278,HEALTHBRIDGE_EHR,Troy,Williams,1998-12-30,M,6271,laura06@example.net,824.248.9684,26165 Welch Curve Suite 933,Brownville,FM,39538,,,,,2025-05-17T12:54:07.052899,2026-05-13T18:06:12.876689
HEALTHBRIDGE,11091,HEALTHBRIDGE_EHR,Anthony,Porter,1952-12-17,O,9437,adamacevedo@example.net,001-673-473-3970x101,18922 Smith Alley Suite 138,Cookshire,NE,53304,,,,,2023-07-11T02:38:28.328062,2026-05-13T18:06:12.781698
HEALTHBRIDGE,11489,HEALTHBRIDGE_EHR,Angelica,Dawson,1969-10-17,F,5220,gwalter@example.net,401.506.5285x44305,41637 Steven Estates Suite 420,Port Tiffanystad,AR,24514,,,,,2025-04-25T01:38:56.219771,2026-05-13T18:06:12.986392
HEALTHBRIDGE,11099,HEALTHBRIDGE_EHR,Rachel,Mullins,2019-08-13,M,3339,jthornton@example.net,(558)463-6025x3687,225 Ward Valley,South Christinatown,RI,58066,Sarah,Mullins,lynnbullock@example.net,618.634.1000x6658,2025-01-15T16:56:14.258807,2026-05-13T18:06:12.785700
HEALTHBRIDGE,11064,HEALTHBRIDGE_EHR,Ryan,Cline,1987-08-23,O,7258,albert05@example.net,211-937-1346x3107,576 Daniel Union Apt. 041,Cynthiaview,SC,37657,,,,,2024-10-30T05:49:39.817343,2026-05-13T18:06:12.768352
HEALTHBRIDGE,11212,HEALTHBRIDGE_EHR,James,Brown,1943-04-12,F,1752,usmith@example.net,740.728.4595x8769,268 Jeremy Park,South Michelle,CT,68686,,,,,2025-06-13T11:25:40.543170,2026-05-13T18:06:12.843270
HEALTHBRIDGE,11236,HEALTHBRIDGE_EHR,Kaitlyn,Hampton,2012-09-25,O,9902,josebutler@example.com,8503299907,814 Robert Pike,Chelseabury,DC,12779,Joshua,Hampton,dicksonkatie@example.com,955.700.4375x315,2024-09-18T00:27:38.615289,2026-05-13T18:06:12.855237
HEALTHBRIDGE,11429,HEALTHBRIDGE_EHR,Brian,Miller,2018-04-23,M,4942,caroline00@example.net,001-484-575-5577x343,21836 Carpenter Stream,Cindybury,MI,77521,Alejandro,Miller,peter87@example.org,(997)358-4562,2024-11-26T02:24:36.273492,2026-05-13T18:06:12.956740
HEALTHBRIDGE,11240,HEALTHBRIDGE_EHR,Robert,Le,1973-10-28,O,9442,rebeccazimmerman@example.net,568-386-4993x39745,38487 Miller Route,Kevinbury,VA,94361,,,,,2025-11-27T08:31:31.910481,2026-05-13T18:06:12.857331
HEALTHBRIDGE,11210,HEALTHBRIDGE_EHR,Alexandra,Garza,2011-03-21,F,7842,gonzalezdeanna@example.com,+1-495-659-4229x8133,977 Christopher Avenue,Lake Heathermouth,UT,60896,Lisa,Garza,qwilliams@example.net,+1-609-985-9271x436,2024-03-31T17:41:22.951408,2026-05-13T18:06:12.841986
HEALTHBRIDGE,11057,HEALTHBRIDGE_EHR,Robert,Fisher,1973-08-29,M,1153,wilsonchristopher@example.com,4194335206,93164 Kathleen Locks Apt. 316,West Brianside,FL,25444,,,,,2023-09-06T12:39:21.870814,2026-05-13T18:06:12.765000
HEALTHBRIDGE,11389,HEALTHBRIDGE_EHR,Billy,Gutierrez,1958-02-20,F,5206,garymeyer@example.org,(479)493-8959x458,74752 Dean Mount Suite 655,East Zacharyhaven,TX,81493,,,,,2025-05-18T13:34:49.128430,2026-05-13T18:06:12.935223
HEALTHBRIDGE,11084,HEALTHBRIDGE_EHR,Kristin,Lopez,1957-10-14,O,9424,tgraham@example.com,+1-829-343-5007,3777 Taylor Overpass Apt. 649,New Danielborough,TX,56642,,,,,2025-02-09T16:18:46.612658,2026-05-13T18:06:12.778146
HEALTHBRIDGE,11528,HEALTHBRIDGE_EHR,Rachel,Flynn,1969-01-05,O,0106,julie14@example.org,+1-815-586-9232x2602,16073 Lisa Mount Suite 433,Lake Jamesmouth,KY,09600,,,,,2025-09-17T11:44:05.568427,2026-05-13T18:06:13.083188
HEALTHBRIDGE,20345,HEALTHBRIDGE_EHR,Heather,Perez,1955-03-09,M,8286,hawkinsvictor@example.net,878.915.7491x67165,986 Vasquez Village,Davidchester,OH,23818,,,,,2023-06-08T08:49:32.887696,2026-05-13T18:06:13.065488
HEALTHBRIDGE,11013,HEALTHBRIDGE_EHR,Madison,Logan,1987-06-27,F,6199,brenda59@example.org,(660)892-0331,5716 Gomez Vista Apt. 304,Melissaport,IA,66208,,,,,2025-01-27T09:15:59.306792,2026-05-13T18:06:12.742674
HEALTHBRIDGE,11059,HEALTHBRIDGE_EHR,Anthony,Bush,2018-08-16,F,3104,gmendoza@example.org,(965)660-2492x3577,490 Ruiz Parks,Jamesberg,VT,65511,Claire,Bush,rbenson@example.com,(361)858-7898,2025-12-15T10:55:11.558157,2026-05-13T18:06:12.765893
HEALTHBRIDGE,11127,HEALTHBRIDGE_EHR,Christopher,Brown,1958-09-21,F,2253,hamiltonmark@example.org,001-323-830-9462x147,73053 Martin Ranch Apt. 781,Hernandezborough,AR,75933,,,,,2025-10-09T23:48:01.491530,2026-05-13T18:06:12.800307
HEALTHBRIDGE,11030,HEALTHBRIDGE_EHR,Julie,Morgan,1982-11-21,M,3568,santosluke@example.org,608-986-7974,93788 Bennett Village Suite 465,East Jesus,GU,58724,,,,,2024-09-10T02:15:22.868445,2026-05-13T18:06:12.751450
HEALTHBRIDGE,11025,HEALTHBRIDGE_EHR,Lisa,Randall,2007-03-17,O,4078,stacey61@example.org,+1-761-849-9363x1962,3909 Brown Rapids Suite 663,North Deniseborough,MS,19518,,,,,2025-07-01T02:21:31.532690,2026-05-13T18:06:12.749009
HEALTHBRIDGE,11076,HEALTHBRIDGE_EHR,Kimberly,Holloway,1981-04-15,O,5319,lbaker@example.org,340-851-5567x40920,9930 Charles Glens Apt. 405,South Crystaltown,OK,09959,,,,,2025-11-22T14:54:12.153841,2026-05-13T18:06:12.774050
HEALTHBRIDGE,11383,HEALTHBRIDGE_EHR,Michael,Payne,1951-12-10,O,1840,doris13@example.net,001-557-940-8747x407,617 Russell Mill,Lawrenceton,MS,16846,,,,,2024-11-19T07:54:38.445019,2026-05-13T18:06:12.931942
HEALTHBRIDGE,11403,HEALTHBRIDGE_EHR,Janice,Murphy,1969-07-04,O,7742,mark28@example.net,(932)553-4852,657 Stewart Garden Apt. 521,Smithfurt,LA,01355,,,,,2026-03-25T00:12:16.998585,2026-05-13T18:06:12.942271
HEALTHBRIDGE,11065,HEALTHBRIDGE_EHR,Mary,Allen,1967-08-20,F,6090,jacqueline59@example.com,469.770.1685,75040 Thomas Corner,New Markfurt,OH,75513,,,,,2025-06-15T05:42:06.965435,2026-05-13T18:06:12.768777
HEALTHBRIDGE,11040,HEALTHBRIDGE_EHR,William,Avila,2002-09-13,O,7168,csoto@example.net,9246104150,66081 Miranda View,North Matthewstad,SC,50623,,,,,2026-04-10T00:19:38.837617,2026-05-13T18:06:12.756456
HEALTHBRIDGE,11273,HEALTHBRIDGE_EHR,Jennifer,Alvarez,2019-07-13,O,1995,tmay@example.net,+1-955-430-0173x1412,212 Reyes Spurs Apt. 405,Matthewburgh,MD,14211,Keith,Alvarez,ryan26@example.com,(243)474-2822,2024-11-09T18:38:38.689564,2026-05-13T18:06:12.874056
HEALTHBRIDGE,11481,HEALTHBRIDGE_EHR,Angela,Thomas,1999-08-03,O,7786,dawnadams@example.com,+1-694-747-4848x5694,421 Ford River,West Davidton,NJ,08917,,,,,2024-01-09T10:54:21.450429,2026-05-13T18:06:12.982596
HEALTHBRIDGE,11218,HEALTHBRIDGE_EHR,Kristina,Joseph,1946-04-05,O,9766,frankjackson@example.org,3432006319,713 Blake Junctions Apt. 142,Port Ericfurt,CT,18009,,,,,2025-10-23T20:14:50.254416,2026-05-13T18:06:12.846084
HEALTHBRIDGE,11613,HEALTHBRIDGE_EHR,Kathryn,Neelson,1975-04-10,M,0771,mariahdavis@example.org,550.260.6853x615,52204 Horton Dam Suite 790,North Jonathanberg,OH,95821,Katherine,Hall,william46@example.com,+1-811-588-0346x7006,2025-08-25T11:50:38.344844,2026-05-13T18:06:13.128727
HEALTHBRIDGE,11480,HEALTHBRIDGE_EHR,Wendy,George,1996-07-28,M,9697,ekelly@example.com,443-695-9289x14631,347 Perkins Springs Apt. 160,Erikamouth,ND,89721,,,,,2026-03-18T08:30:07.611152,2026-05-13T18:06:12.982100
HEALTHBRIDGE,11070,HEALTHBRIDGE_EHR,Robert,Becker,2017-05-12,F,3635,andersonedgar@example.org,411-613-3010x75350,484 George Dam Apt. 232,New Timothybury,NC,99146,Jane,Becker,xbrown@example.net,001-743-991-3708,2024-04-30T14:04:56.939410,2026-05-13T18:06:12.771053
HEALTHBRIDGE,11182,HEALTHBRIDGE_EHR,Leslie,Nelson,1959-02-24,O,1914,jeremy94@example.com,001-228-905-4009x231,05390 John Groves Apt. 292,Thomasmouth,TX,48251,,,,,2025-09-02T14:42:23.372237,2026-05-13T18:06:12.828099
HEALTHBRIDGE,11417,HEALTHBRIDGE_EHR,Kimberly,Hebert,1945-11-04,F,2671,zdavis@example.org,(756)956-4165x66671,12070 Alexa Shoals,Lake Matthewhaven,WI,74781,,,,,2023-12-10T03:40:46.307522,2026-05-13T18:06:12.950045
HEALTHBRIDGE,11376,HEALTHBRIDGE_EHR,Jacob,Mitchell,2017-11-07,M,3361,drew85@example.org,860-783-1912x60485,818 Nelson Bridge Apt. 865,Stephenburgh,MH,65981,Sheri,Mitchell,jon74@example.net,605.666.2300x5609,2025-04-15T21:38:54.243212,2026-05-13T18:06:12.928282
HEALTHBRIDGE,11455,HEALTHBRIDGE_EHR,Jason,Lowery,1944-06-20,M,2934,barnettjames@example.com,001-318-540-6392x946,1004 Michelle Meadow,Tiffanybury,NC,35271,,,,,2025-08-19T18:37:33.086856,2026-05-13T18:06:12.969907
HEALTHBRIDGE,11106,HEALTHBRIDGE_EHR,Jamie,Cowan,1959-09-12,O,1631,alyssacameron@example.net,(433)609-7019,0751 Taylor Alley Suite 367,New Deborah,CA,56025,,,,,2024-12-30T14:11:32.147877,2026-05-13T18:06:12.789698
HEALTHBRIDGE,11097,HEALTHBRIDGE_EHR,Stephanie,Vargas,1989-12-26,M,5624,danielmoore@example.org,001-359-478-3367x408,9944 Burton Trail,Garzaside,VI,71214,,,,,2023-06-15T02:11:34.318583,2026-05-13T18:06:12.784816
HEALTHBRIDGE,11572,HEALTHBRIDGE_EHR,Ryan,Sanchez,1967-07-07,F,2803,farrelljose@example.org,(421)596-9379,474 Rachel Mountain Suite 821,Landryshire,ME,84247,,,,,2025-01-04T17:56:08.119535,2026-05-13T18:06:13.106672
HEALTHBRIDGE,11673,HEALTHBRIDGE_EHR,Jodi,Murray,1957-03-27,O,2103,gary87@example.org,+1-508-301-0062,38750 Hopkins Brook,New Andreatown,AK,69892,,,,,2023-11-11T09:22:13.440175,2026-05-13T18:06:13.160776
HEALTHBRIDGE,11453,HEALTHBRIDGE_EHR,John,Davis,1995-03-20,F,8017,qnolan@example.org,365-854-5123x355,915 Sullivan Burg Apt. 633,Espinozahaven,MO,44118,,,,,2023-06-03T22:28:28.881699,2026-05-13T18:06:12.968957
HEALTHBRIDGE,11174,HEALTHBRIDGE_EHR,Tina,Shepard,2008-03-20,O,5460,perezrobert@example.net,+1-210-385-8777x075,939 Tracie Lock,Monroefort,UT,40409,,,,,2025-09-07T05:49:07.619225,2026-05-13T18:06:12.824370
HEALTHBRIDGE,11036,HEALTHBRIDGE_EHR,Ricardo,Landry,2001-04-19,F,2521,parksandre@example.com,+1-832-526-5278x254,9415 Porter Cliff,Ramosborough,OR,72740,,,,,2025-11-19T14:54:38.032396,2026-05-13T18:06:12.754469
HEALTHBRIDGE,11208,HEALTHBRIDGE_EHR,Robert,Adams,2017-11-10,F,3004,xparker@example.net,280-742-0223,7336 Sarah Vista Suite 657,Jessicastad,DC,43998,Angela,Adams,xmcdowell@example.org,001-566-248-7826x487,2024-11-21T16:07:02.698926,2026-05-13T18:06:12.840905
HEALTHBRIDGE,11184,HEALTHBRIDGE_EHR,Alexis,Mathis,1996-09-08,M,6088,timothy83@example.net,683.801.8986x598,4562 Shelton Lane,Smithborough,PW,21019,,,,,2024-09-15T09:05:43.182544,2026-05-13T18:06:12.828998
HEALTHBRIDGE,11002,HEALTHBRIDGE_EHR,Lorraine,Graham,2021-04-30,M,5846,jonathan14@example.net,200-804-0756x0231,79729 Warren Estates Apt. 885,Ericborough,WA,35546,Brianna,Graham,vjohnston@example.net,(651)997-3665,2024-02-21T09:54:28.860409,2026-05-13T18:06:12.737108
HEALTHBRIDGE,21833,HEALTHBRIDGE_EHR,Lauren,Owens,2019-06-28,F,5140,anthonymata@example.com,(394)509-9375,8481 Doyle Cove Suite 799,New Kellymouth,CA,82243,William,Owens,victoria65@example.org,251.394.0568x45934,2023-10-29T01:52:41.805691,2026-05-13T18:06:12.997281
HEALTHBRIDGE,11386,HEALTHBRIDGE_EHR,Ronald,Miller,1996-12-04,M,9963,nicholsjohn@example.net,916.284.8272x30990,644 Smith Brooks Apt. 604,Jenniferville,TX,80482,,,,,2025-03-17T13:04:38.943320,2026-05-13T18:06:12.933502
HEALTHBRIDGE,11457,HEALTHBRIDGE_EHR,William,Manning,1941-09-24,F,3308,aaronjohnson@example.org,381.883.9245,177 Martinez Stravenue Suite 079,North Thomasberg,IA,30437,,,,,2026-03-15T12:14:41.899430,2026-05-13T18:06:12.970966
HEALTHBRIDGE,11322,HEALTHBRIDGE_EHR,Jeffrey,Carter,1987-06-14,M,0885,adamblack@example.net,424.747.8390x7121,896 Brendan Hollow Apt. 982,Hubbardview,LA,85888,,,,,2025-03-27T04:49:17.036767,2026-05-13T18:06:12.899750
HEALTHBRIDGE,11454,HEALTHBRIDGE_EHR,Sean,Phillips,1991-05-07,M,0865,marklam@example.com,+1-801-891-6536x4706,8134 Kyle Junctions Apt. 448,Hillshire,CA,90295,,,,,2025-10-29T02:24:55.703099,2026-05-13T18:06:12.969419
HEALTHBRIDGE,11044,HEALTHBRIDGE_EHR,Alexander,Lawrence,1974-08-22,F,7439,claytara@example.net,+1-313-403-8469,0164 Green Lodge,Cowanstad,NV,30861,,,,,2023-09-13T10:18:00.819929,2026-05-13T18:06:12.758652
HEALTHBRIDGE,25049,HEALTHBRIDGE_EHR,Shannon,Clark,1998-11-12,O,8622,qmorales@example.org,2133247073,42375 Dodson Station Suite 451,Malonebury,WV,84561,,,,,2023-12-12T08:46:19.860372,2026-05-13T18:06:13.064124
HEALTHBRIDGE,11270,HEALTHBRIDGE_EHR,Robin,Simpson,2000-05-13,F,1600,deborah86@example.org,(664)823-6245,1478 Reed Burg,West Debbiemouth,SC,09083,,,,,2023-07-26T23:51:39.529454,2026-05-13T18:06:12.872546
HEALTHBRIDGE,11655,HEALTHBRIDGE_EHR,Timothy,Gibson,1956-09-01,F,0009,drew78@example.com,+1-533-491-8785x1910,8713 Davis Pass,Stokesmouth,DC,67773,,,,,2025-06-05T05:34:19.017587,2026-05-13T18:06:13.151741
HEALTHBRIDGE,11588,HEALTHBRIDGE_EHR,Gloria,WWells,1981-01-07,F,1084,deckerchristopher@example.org,001-252-680-9885x165,1983 Diane Fork Apt. 585,Port Joshuabury,AS,56745,,,,,2024-01-06T07:52:46.363817,2026-05-13T18:06:13.114993
HEALTHBRIDGE,11103,HEALTHBRIDGE_EHR,Anna,Barry,1974-04-29,F,0136,shane87@example.net,809.225.2390,3607 Eduardo Village Apt. 373,Christinaberg,SD,41518,,,,,2024-12-20T11:11:13.015855,2026-05-13T18:06:12.788035
HEALTHBRIDGE,11115,HEALTHBRIDGE_EHR,Arthur,Johnson,1988-10-16,F,9918,gregory76@example.com,249.746.5265,7741 Wendy Bridge,New Nathaniel,OK,46685,,,,,2023-12-10T16:22:04.610996,2026-05-13T18:06:12.794191
HEALTHBRIDGE,11594,HEALTHBRIDGE_EHR,Adrian,BBurgess,1980-06-29,F,7517,davidpatel@example.org,885.816.0607x15969,60529 Collier Lake Apt. 613,Chapmanhaven,CO,52374,,,,,2024-07-27T07:58:04.410577,2026-05-13T18:06:13.118543
HEALTHBRIDGE,11636,HEALTHBRIDGE_EHR,Lisa,Peck,1998-12-21,O,7123,james27@example.net,774.270.1687x339,7974 Melanie Meadows,West Jessica,WV,53356,,,,,2026-03-20T20:11:29.376419,2026-05-13T18:06:13.141355
HEALTHBRIDGE,11251,HEALTHBRIDGE_EHR,Dillon,Collins,1998-03-17,O,1259,davidsnyder@example.net,+1-667-707-1671,257 Holt Fields Suite 298,North Kristenborough,LA,99914,,,,,2023-07-29T22:25:01.227777,2026-05-13T18:06:12.863351
HEALTHBRIDGE,11129,HEALTHBRIDGE_EHR,Maria,Roy,1956-02-07,O,3323,cassieconrad@example.org,4876884779,5968 Medina Meadows,South Valerie,PW,66328,,,,,2023-12-05T08:49:47.646687,2026-05-13T18:06:12.801320
HEALTHBRIDGE,11554,HEALTHBRIDGE_EHR,Jack,Williams,2003-06-15,O,3733,ewilson@example.com,519.802.2941x3186,4964 Chelsea Streets Apt. 334,East Johnside,CA,21018,,,,,2026-05-13T17:27:08.890385,2026-05-13T18:06:13.096925
HEALTHBRIDGE,11415,HEALTHBRIDGE_EHR,Samantha,Mcclure,1962-04-10,O,9503,nicholsaudrey@example.net,(434)644-0557,2139 Castaneda Run Suite 209,South Adrianview,OR,89240,,,,,2026-02-16T15:33:00.324035,2026-05-13T18:06:12.949170
HEALTHBRIDGE,11284,HEALTHBRIDGE_EHR,Karen,Johnson,2017-09-29,M,8154,gthompson@example.org,+1-259-681-6180x980,336 Samuel Grove,Markberg,HI,63927,Jonathon,Johnson,zfreeman@example.org,001-372-822-1553x250,2024-06-10T19:52:46.786802,2026-05-13T18:06:12.880234
HEALTHBRIDGE,11293,HEALTHBRIDGE_EHR,Shelia,Hernandez,2002-11-04,O,3129,ntucker@example.com,958.859.9197,586 Donald Station,Jeremychester,ID,55673,,,,,2024-07-31T01:41:32.595635,2026-05-13T18:06:12.885195
HEALTHBRIDGE,11068,HEALTHBRIDGE_EHR,Hannah,Whitaker,1950-10-15,F,0003,sherri61@example.com,(971)541-3427,57374 Rebekah Courts,Jennifertown,PA,33613,,,,,2023-12-02T21:23:26.287051,2026-05-13T18:06:12.770096
HEALTHBRIDGE,11193,HEALTHBRIDGE_EHR,Tiffany,Cooper,1969-05-16,O,5114,stephen68@example.net,001-277-539-5166,370 Joseph Stream,New Michaelton,TX,58158,,,,,2025-10-02T06:01:52.117105,2026-05-13T18:06:12.833472
HEALTHBRIDGE,11230,HEALTHBRIDGE_EHR,Christian,Fletcher,1957-07-14,F,6271,michelleruiz@example.org,235-693-4106x165,55310 Gonzalez Club Apt. 207,West Jessica,ND,85429,,,,,2026-05-01T02:27:15.148147,2026-05-13T18:06:12.852024
HEALTHBRIDGE,24550,HEALTHBRIDGE_EHR,Samantha,Lucas,1989-05-29,F,7310,orodriguez@example.com,+1-615-214-1859,8965 Smith Glen,Hartview,TN,36170,,,,,2025-02-26T18:16:14.187341,2026-05-13T18:06:13.056305
HEALTHBRIDGE,11164,HEALTHBRIDGE_EHR,Terri,Lopez,1994-08-02,O,8666,danielle36@example.net,001-690-565-7416,3375 Norman Wall Suite 535,Chavezfort,FM,69258,,,,,2024-06-13T21:28:38.044494,2026-05-13T18:06:12.819180
HEALTHBRIDGE,11314,HEALTHBRIDGE_EHR,Natasha,Torres,1954-06-10,F,2079,donna35@example.org,+1-678-481-6495x710,900 William Expressway Apt. 417,Lake Davidbury,PR,82659,,,,,2025-09-20T11:06:34.838239,2026-05-13T18:06:12.895552
HEALTHBRIDGE,11428,HEALTHBRIDGE_EHR,Amanda,Rivas,2009-07-18,M,7685,bguerrero@example.com,546-860-1705,15522 Parker Street Apt. 465,Ericstad,VT,64243,Tammy,Rivas,samanthawilson@example.net,320.222.7113,2025-01-17T23:47:14.073758,2026-05-13T18:06:12.956101
HEALTHBRIDGE,11191,HEALTHBRIDGE_EHR,Kimberly,Hamilton,2017-04-23,O,9736,kristy16@example.org,925.411.7230x35821,30804 Amanda Spurs Suite 112,Wayneport,ME,92525,Brian,Hamilton,erin77@example.org,312-971-6810,2026-01-01T23:38:36.318140,2026-05-13T18:06:12.832371
HEALTHBRIDGE,11226,HEALTHBRIDGE_EHR,Roger,Adams,2006-07-09,O,6622,megan53@example.net,(606)554-3261,37152 Lee Crest Apt. 915,Fergusontown,RI,97121,,,,,2024-06-17T03:26:38.363548,2026-05-13T18:06:12.849925
HEALTHBRIDGE,11037,HEALTHBRIDGE_EHR,Susan,Dougherty,1995-03-18,F,3812,zmartin@example.net,581-298-7088x40755,65972 Boyd Ways Suite 070,Christopherborough,PR,06457,,,,,2024-08-03T21:43:52.244504,2026-05-13T18:06:12.755004
HEALTHBRIDGE,11019,HEALTHBRIDGE_EHR,Kristen,Chang,2006-02-12,M,4622,steven98@example.org,(789)547-7069x392,025 Russell Walk,Marquezfort,OR,38487,,,,,2024-08-06T22:24:03.805995,2026-05-13T18:06:12.745728
HEALTHBRIDGE,11467,HEALTHBRIDGE_EHR,David,Harris,2025-03-09,F,5715,bpena@example.com,+1-214-331-3740,10638 Howard Villages,Joefurt,MI,35301,Ashley,Harris,christopher89@example.net,+1-581-897-8551x7915,2026-04-05T18:17:39.324681,2026-05-13T18:06:12.975695
HEALTHBRIDGE,23865,HEALTHBRIDGE_EHR,Michelle,Lopez,1943-02-21,F,7298,alexrobinson@example.net,681-559-8826x874,731 Mccoy Branch,New Andrew,AK,07140,,,,,2024-12-31T03:53:11.443364,2026-05-13T18:06:13.023514
HEALTHBRIDGE,11645,HEALTHBRIDGE_EHR,Hannah,Burrns,1999-07-04,F,4889,ybailey@example.net,341-798-6652x404,473 Maria Groves Suite 219,East Brent,MH,70105,,,,,2023-06-11T19:22:33.113350,2026-05-13T18:06:13.146669
HEALTHBRIDGE,27786,HEALTHBRIDGE_EHR,Gregory,Richardson,2007-09-28,F,3868,davisrobin@example.org,+1-258-349-6200x3230,8601 Perez Knoll,Hannahstad,MI,06965,,,,,2024-05-26T17:29:43.954783,2026-05-13T18:06:13.060659
HEALTHBRIDGE,11215,HEALTHBRIDGE_EHR,George,Hernandez,1946-11-18,M,5582,jennifer14@example.net,+1-735-417-2368x5044,23547 Natalie Glens Apt. 553,Port Richardland,DE,30082,,,,,2025-03-15T11:59:57.708215,2026-05-13T18:06:12.844630
HEALTHBRIDGE,11196,HEALTHBRIDGE_EHR,Andrew,Russell,1988-01-03,M,0249,mturner@example.net,426.783.4870,2890 Bailey Pine,South Donald,NJ,27466,,,,,2024-01-13T15:33:29.940044,2026-05-13T18:06:12.835086
HEALTHBRIDGE,24036,HEALTHBRIDGE_EHR,Danielle,Miller,2000-06-30,O,8516,omurillo@example.net,(705)662-3309x47976,6458 Cheryl Green,Francofort,IL,33045,,,,,2024-01-09T16:01:28.774452,2026-05-13T18:06:13.054710
HEALTHBRIDGE,11456,HEALTHBRIDGE_EHR,Jennifer,Quinn,1967-03-11,F,1578,johnstoneric@example.org,(709)516-3392x362,657 Daniel Square,Lake Kelly,OK,97921,,,,,2023-09-09T12:39:09.145588,2026-05-13T18:06:12.970344
HEALTHBRIDGE,11121,HEALTHBRIDGE_EHR,Richard,Anderson,1967-10-29,F,4970,jacobsullivan@example.com,001-632-965-7207x980,8937 Simpson Isle,Lake Tara,ID,81807,,,,,2025-02-17T07:44:42.796838,2026-05-13T18:06:12.797042
HEALTHBRIDGE,11323,HEALTHBRIDGE_EHR,Gregory,Johnson,1972-02-09,F,4118,oduncan@example.org,(328)831-1977x895,0180 Nathan Hill Apt. 277,Brownberg,IN,13254,,,,,2024-07-13T05:29:03.901478,2026-05-13T18:06:12.900184
HEALTHBRIDGE,11334,HEALTHBRIDGE_EHR,Kevin,Miller,2022-03-19,F,7513,lperez@example.net,(725)819-6429,7211 Smith Tunnel,Port Mark,PR,40009,Brooke,Miller,mark24@example.net,(918)725-4805,2025-09-22T00:43:11.128800,2026-05-13T18:06:12.906092
HEALTHBRIDGE,11414,HEALTHBRIDGE_EHR,Jennifer,Lynch,1967-06-12,F,4447,joshuasmith@example.com,995-811-3030,70616 Hawkins Grove Suite 482,New Alexaberg,NC,41070,,,,,2025-09-01T22:56:55.627136,2026-05-13T18:06:12.948700
HEALTHBRIDGE,11255,HEALTHBRIDGE_EHR,Kristen,Hill,1974-06-02,M,7944,dylan92@example.org,892-947-4350,99387 Nancy Court,North Jason,FL,95304,,,,,2025-02-20T18:00:27.388349,2026-05-13T18:06:12.865245
HEALTHBRIDGE,11767,HEALTHBRIDGE_EHR,Christopher,Ward,2009-09-26,O,8602,powellsarah@example.net,603.421.8703x9508,594 Derek Union,South Barbaraton,MH,56281,Jeremy,Strong,tharris@example.com,(824)346-2655,2025-01-07T15:33:38.823463,2026-05-13T18:06:13.215691
HEALTHBRIDGE,11459,HEALTHBRIDGE_EHR,Amy,Hess,2006-05-02,F,1951,rossnicholas@example.net,603.486.4732x2322,78368 Eric Glen Apt. 452,Pughside,KY,62998,,,,,2024-05-28T10:28:30.382691,2026-05-13T18:06:12.971941
HEALTHBRIDGE,11118,HEALTHBRIDGE_EHR,Scott,Carter,1953-03-18,O,9254,christinamartin@example.net,816.742.1282,702 Black Cliffs Apt. 557,West Katiehaven,WA,34716,,,,,2024-01-19T12:14:38.848526,2026-05-13T18:06:12.795653
HEALTHBRIDGE,11372,HEALTHBRIDGE_EHR,Marc,Esparza,1961-01-02,M,2430,christine61@example.net,4774997722,6153 Stephanie Branch Apt. 702,Roweton,PR,62924,,,,,2025-11-22T00:53:34.244118,2026-05-13T18:06:12.926261
HEALTHBRIDGE,11664,HEALTHBRIDGE_EHR,Carlos,Wheeler,1952-12-25,O,3923,tharper@example.org,+1-612-312-5953x532,953 Walter Shore Apt. 644,New Stacyburgh,SC,89466,,,,,2025-07-11T09:48:27.735130,2026-05-13T18:06:13.156081
HEALTHBRIDGE,11023,HEALTHBRIDGE_EHR,Michelle,Scott,1990-04-24,F,6429,markblackburn@example.com,(777)277-3426x587,104 Greene Glens,South Ritaland,SC,90380,,,,,2025-03-31T20:58:52.677222,2026-05-13T18:06:12.747994
HEALTHBRIDGE,11435,HEALTHBRIDGE_EHR,Nathan,Lewis,1983-12-31,M,8800,aguirrelauren@example.org,458.958.7263,27192 Torres Creek Apt. 238,Olsenhaven,MP,72243,,,,,2023-06-17T00:19:26.673367,2026-05-13T18:06:12.960135
HEALTHBRIDGE,11206,HEALTHBRIDGE_EHR,Ebony,Kelly,1949-04-13,F,5085,millerrebecca@example.com,757.852.9255,846 Aaron Junction,East Kimberlyfurt,PR,20469,,,,,2024-03-08T09:12:04.753443,2026-05-13T18:06:12.840026
HEALTHBRIDGE,11757,HEALTHBRIDGE_EHR,Angela,Frey,1951-04-12,M,8955,luisdillon@example.org,(660)556-7721x36008,63993 Moreno Tunnel,South Brenda,DE,02260,,,,,2025-03-05T02:05:11.559427,2026-05-13T18:06:13.210112
HEALTHBRIDGE,11497,HEALTHBRIDGE_EHR,Robert,Olson,2002-09-13,M,0906,conniehenderson@example.net,230-592-2221x28816,322 Garrett Divide Apt. 442,Charlesfurt,PR,08090,,,,,2024-11-29T03:39:53.604239,2026-05-13T18:06:12.990405
HEALTHBRIDGE,11493,HEALTHBRIDGE_EHR,Miguel,Cochran,2026-01-08,F,7604,lancewhitehead@example.org,(387)247-8256x34325,02883 Kristen Ports,West Chaseland,CO,97694,Lindsay,Cochran,dburnett@example.com,001-281-457-9619x423,2023-10-02T15:28:18.570151,2026-05-13T18:06:12.988383
HEALTHBRIDGE,11388,HEALTHBRIDGE_EHR,Frank,Todd,2008-10-01,O,1431,jorge30@example.com,897.634.5135,0600 Moore Glens,Lake Leonview,SD,92148,Sabrina,Todd,ycarter@example.org,+1-491-836-5640x254,2024-02-03T14:07:15.365645,2026-05-13T18:06:12.934465
HEALTHBRIDGE,11557,HEALTHBRIDGE_EHR,Aaron,Hayes,1957-01-02,F,1307,ocarter@example.com,001-972-253-3249,02499 Gonzales Mountain,Hollyview,NY,71277,,,,,2025-10-03T15:45:07.668205,2026-05-13T18:06:13.098391
HEALTHBRIDGE,11165,HEALTHBRIDGE_EHR,Devin,Lynch,1946-06-15,O,4705,william61@example.net,+1-483-674-4892x3960,0256 Bowman Drives Apt. 782,Kristineshire,OH,72139,,,,,2026-02-07T09:51:49.217981,2026-05-13T18:06:12.819620
HEALTHBRIDGE,11668,HEALTHBRIDGE_EHR,Christopher,Harrdy,2001-04-06,M,7962,brettbennett@example.net,+1-501-539-8373x540,739 Randy Garden,Kimberlyfurt,NH,70447,,,,,2025-03-28T02:40:43.406575,2026-05-13T18:06:13.158129
HEALTHBRIDGE,11132,HEALTHBRIDGE_EHR,Corey,Hodges,1959-12-21,F,9370,rebecca78@example.net,819-226-8900,144 Roy Route Suite 611,Maloneberg,MP,80365,,,,,2024-03-13T23:30:52.427267,2026-05-13T18:06:12.802761
HEALTHBRIDGE,11269,HEALTHBRIDGE_EHR,Stephanie,Wood,1984-12-14,O,0173,joerobbins@example.org,881.843.3161,4697 Tony Creek Suite 111,Troymouth,DC,31942,,,,,2025-02-10T17:26:30.829286,2026-05-13T18:06:12.872145
HEALTHBRIDGE,11342,HEALTHBRIDGE_EHR,Dennis,Walker,2009-10-28,F,1605,zsantiago@example.com,001-761-643-8381x674,8474 Angela Prairie,Tracymouth,DC,67124,Todd,Walker,denisecook@example.net,698.498.2245x540,2026-03-18T11:35:28.458686,2026-05-13T18:06:12.910307
HEALTHBRIDGE,11259,HEALTHBRIDGE_EHR,Kylie,Howard,1964-05-01,O,4331,lauracooper@example.com,001-824-688-8804x970,5169 Frank Haven Apt. 574,North Rhondashire,IL,48945,,,,,2023-12-18T02:39:37.091560,2026-05-13T18:06:12.867297
HEALTHBRIDGE,11294,HEALTHBRIDGE_EHR,Wayne,Davis,1959-04-06,O,5886,zburnett@example.com,(735)495-5394x506,630 Padilla Pike Suite 541,Carpenterport,PW,29250,,,,,2023-08-15T08:02:57.193381,2026-05-13T18:06:12.885711
HEALTHBRIDGE,11092,HEALTHBRIDGE_EHR,Ruth,Edwards,2012-10-12,F,5706,daughertyjoseph@example.com,+1-604-771-1800,53119 Carr Via,Brownberg,NJ,53746,James,Edwards,laura77@example.net,(460)454-8562x57504,2025-03-01T22:22:36.399036,2026-05-13T18:06:12.782195
HEALTHBRIDGE,11749,HEALTHBRIDGE_EHR,Kenneth,Lopez,2002-02-15,M,0008,wangmichael@example.org,814.237.1045x82609,750 Holt Ports,Rogersberg,GA,10205,,,,,2024-09-24T08:23:55.180130,2026-05-13T18:06:13.205597
HEALTHBRIDGE,11678,HEALTHBRIDGE_EHR,Nicholas,Tran,1996-01-06,M,8645,walshjacqueline@example.org,365.691.8033x9740,50392 Hickman Hills,New John,MP,51508,,,,,2024-10-02T15:38:18.705819,2026-05-13T18:06:13.163411
HEALTHBRIDGE,11241,HEALTHBRIDGE_EHR,Elizabeth,Tate,2003-08-02,F,6038,nicholasschneider@example.org,+1-508-357-5379x476,429 Alexander Heights,Lake Tony,WY,45313,,,,,2023-11-02T03:19:57.566206,2026-05-13T18:06:12.857839
HEALTHBRIDGE,11192,HEALTHBRIDGE_EHR,Yvette,Mccullough,1965-10-01,M,1689,robertaanderson@example.com,(267)837-1107,646 Garcia Mountains Apt. 594,Dunnmouth,ID,83836,,,,,2024-10-06T07:29:25.662582,2026-05-13T18:06:12.833092
HEALTHBRIDGE,11445,HEALTHBRIDGE_EHR,Christopher,Franklin,1961-02-27,M,8055,scotthinton@example.com,383.840.7932x818,77110 Justin Extensions Apt. 736,South Larrymouth,WV,34804,,,,,2023-09-06T14:46:45.350541,2026-05-13T18:06:12.965190
HEALTHBRIDGE,11385,HEALTHBRIDGE_EHR,Michael,White,2025-10-20,O,3610,fuentespatrick@example.org,661-264-1573x376,41781 Christine Oval,New Nicholasville,TN,39703,Cristian,White,corey95@example.com,+1-438-873-6807,2026-01-28T03:25:50.186194,2026-05-13T18:06:12.932899
HEALTHBRIDGE,11466,HEALTHBRIDGE_EHR,Danny,Mahoney,1963-01-04,F,1006,jamessmith@example.com,001-215-858-8663x143,54211 Carr Ranch,New Earlfurt,MD,88504,,,,,2025-02-08T06:33:16.561900,2026-05-13T18:06:12.975254
HEALTHBRIDGE,11719,HEALTHBRIDGE_EHR,Christopher,Turner,2000-01-10,F,0834,kvelasquez@example.net,+1-702-472-0993,110 Abbott Course,West Andrew,MH,63223,,,,,2025-10-28T12:28:28.125138,2026-05-13T18:06:13.188256
HEALTHBRIDGE,11387,HEALTHBRIDGE_EHR,William,Roberson,1941-02-10,F,3206,dhall@example.org,(976)532-7223,504 Dustin Run Suite 059,West Stevenstad,IL,43410,,,,,2025-11-23T02:42:35.639459,2026-05-13T18:06:12.933984
HEALTHBRIDGE,11337,HEALTHBRIDGE_EHR,Ryan,Curtis,2009-09-09,M,9692,meadowsdana@example.com,001-871-764-9545x844,1371 Gonzalez Expressway Suite 893,New Regina,NH,28678,Krista,Curtis,lindasaunders@example.com,548-242-7494x64540,2023-10-21T00:47:56.558218,2026-05-13T18:06:12.907731
HEALTHBRIDGE,11534,HEALTHBRIDGE_EHR,Jimmy,Colllins,1992-11-30,O,1674,dylanwilliams@example.com,+1-317-869-3676x320,87083 Stephen Unions,Contrerasside,PA,42089,,,,,2025-03-04T13:28:25.680812,2026-05-13T18:06:13.086076
HEALTHBRIDGE,11494,HEALTHBRIDGE_EHR,Joanne,Thompson,1952-10-27,O,0606,linda82@example.com,001-570-880-7092x785,54247 Stacey Lights Apt. 546,Grahamberg,PW,00697,,,,,2024-10-25T03:12:59.003016,2026-05-13T18:06:12.989059
HEALTHBRIDGE,11235,HEALTHBRIDGE_EHR,Peter,Sullivan,1945-07-01,F,2224,ypatterson@example.net,450-780-0509x08306,980 Terrell Land,Reillyport,AS,10702,,,,,2025-02-13T01:44:57.630996,2026-05-13T18:06:12.854721
HEALTHBRIDGE,11173,HEALTHBRIDGE_EHR,Gloria,Tyler,1968-12-25,O,9011,steven27@example.org,725.644.5278x610,287 Conway Motorway Suite 193,West Patricktown,IA,59330,,,,,2025-01-01T10:46:30.717728,2026-05-13T18:06:12.823818
HEALTHBRIDGE,11391,HEALTHBRIDGE_EHR,David,Hernandez,1953-11-23,F,6108,jason93@example.com,001-235-821-5173x466,471 Alvarez Islands,Snowtown,ND,06585,,,,,2025-05-11T02:23:10.937227,2026-05-13T18:06:12.936168
HEALTHBRIDGE,11751,HEALTHBRIDGE_EHR,Chad,Lopez,1995-10-13,M,4133,wangmichael@example.org,001-541-881-4604x991,28029 Burke Pass,Port Sheriland,IL,39472,,,,,2024-10-27T07:26:23.727941,2026-05-13T18:06:13.206748
HEALTHBRIDGE,11180,HEALTHBRIDGE_EHR,Spencer,Thompson,1965-11-28,M,2446,kevin01@example.net,001-789-828-9143x535,607 Mary Gateway,Tanyamouth,WY,44160,,,,,2025-11-26T21:42:30.950341,2026-05-13T18:06:12.827164
HEALTHBRIDGE,11077,HEALTHBRIDGE_EHR,Krista,Nelson,1985-09-16,O,9440,hhoward@example.com,6007040046,768 Kenneth Plain Suite 525,Smithside,OR,79801,,,,,2023-10-16T14:13:29.504291,2026-05-13T18:06:12.774464
HEALTHBRIDGE,11335,HEALTHBRIDGE_EHR,Christine,Arellano,1965-02-05,F,9889,mcgrathgeorge@example.org,926-933-5231x754,320 Allen Course,New Laurie,DC,02381,,,,,2024-01-26T15:28:00.250752,2026-05-13T18:06:12.906706
HEALTHBRIDGE,11089,HEALTHBRIDGE_EHR,Nicolas,Wiggins,1957-07-01,O,3212,candicecline@example.com,624-315-7318x02040,1912 Wright Spurs,South Brian,HI,55857,,,,,2024-06-16T07:53:36.761560,2026-05-13T18:06:12.780644
HEALTHBRIDGE,11581,HEALTHBRIDGE_EHR,Melissa,Garcia,1991-06-06,O,5313,amy50@example.com,531-371-3900x532,335 Kristina Ranch,West Micheleberg,DC,71308,,,,,2026-01-27T02:01:16.097354,2026-05-13T18:06:13.111526
HEALTHBRIDGE,11262,HEALTHBRIDGE_EHR,Diane,Cummings,1958-09-30,F,2378,evelynortega@example.net,809-445-2553,6144 Sharon Shore Suite 010,Lake David,MA,19591,,,,,2025-02-17T05:00:21.773456,2026-05-13T18:06:12.868720
HEALTHBRIDGE,11390,HEALTHBRIDGE_EHR,Wanda,Harris,1943-05-06,O,5915,ronnierussell@example.com,001-770-531-0122x133,14483 Roberts Trail Suite 749,New Roger,NC,26741,,,,,2025-01-18T17:59:42.234622,2026-05-13T18:06:12.935752
HEALTHBRIDGE,11268,HEALTHBRIDGE_EHR,Kelly,Dean,1977-06-15,O,3193,cjackson@example.net,(933)796-8007x1194,522 Cody Divide,Olsentown,VA,37457,,,,,2023-10-17T01:16:04.518778,2026-05-13T18:06:12.871674
HEALTHBRIDGE,11361,HEALTHBRIDGE_EHR,Martin,Livingston,1950-07-19,F,1075,brandon02@example.com,570-536-4237,42414 Martinez Passage,Pittsfurt,GA,10312,,,,,2025-08-23T09:22:54.140181,2026-05-13T18:06:12.919778
HEALTHBRIDGE,11178,HEALTHBRIDGE_EHR,Dana,Murphy,1956-05-02,O,4904,heather27@example.com,661.427.7933x33569,84457 Mccarty Corner,Meltonburgh,FM,75904,,,,,2025-11-20T18:57:20.179371,2026-05-13T18:06:12.826231
HEALTHBRIDGE,11107,HEALTHBRIDGE_EHR,Audrey,Smith,1945-08-01,O,1442,zhampton@example.net,+1-781-227-9042x5284,179 Eric Heights Apt. 997,Smithville,AZ,73588,,,,,2023-07-21T06:50:12.732212,2026-05-13T18:06:12.790131
HEALTHBRIDGE,11622,HEALTHBRIDGE_EHR,Martin,Martinnez,1968-04-25,F,6304,samuel67@example.com,627-775-8416x16928,54479 Jackson Mills,Sergiostad,RI,57509,,,,,2025-03-22T23:26:46.106684,2026-05-13T18:06:13.133902
HEALTHBRIDGE,11529,HEALTHBRIDGE_EHR,Tammy,Ramirez,1958-03-10,M,6924,ifrazier@example.com,8147294019,9816 Jonathan Station Suite 088,West Ryan,TN,43780,,,,,2026-04-21T07:36:03.316226,2026-05-13T18:06:13.083731
HEALTHBRIDGE,11183,HEALTHBRIDGE_EHR,Michael,Reed,1968-05-31,F,0518,gfuentes@example.com,+1-675-565-7833x939,95188 Gill Plaza,Schmidtburgh,WY,69883,,,,,2026-03-09T06:34:37.041137,2026-05-13T18:06:12.828530
HEALTHBRIDGE,11081,HEALTHBRIDGE_EHR,Melissa,Gibson,2006-06-28,O,6266,imartinez@example.net,347.567.6660x919,64259 Daniel Mews Suite 085,Waltonmouth,MD,75888,,,,,2023-09-18T23:42:48.415503,2026-05-13T18:06:12.776543
HEALTHBRIDGE,11004,HEALTHBRIDGE_EHR,Sylvia,Moore,1952-03-23,O,8835,dfinley@example.org,313-416-6775x2707,717 Lewis Islands Apt. 642,Mooretown,UT,39050,,,,,2023-12-30T20:35:16.612587,2026-05-13T18:06:12.738196
HEALTHBRIDGE,26025,HEALTHBRIDGE_EHR,Shane,Bennett,2009-07-23,M,5919,priceraymond@example.org,(695)678-7441x128,72742 Tina Road,Brianport,VI,62478,Anna,Bennett,harristimothy@example.com,468-849-8991,2025-01-13T09:04:00.280551,2026-05-13T18:06:13.062211
HEALTHBRIDGE,11393,HEALTHBRIDGE_EHR,Erika,Fowler,1997-01-30,O,7278,clarkroberto@example.com,(232)563-5546,693 Austin Wells,Seanshire,NH,32920,,,,,2023-11-22T20:50:21.726757,2026-05-13T18:06:12.937212
HEALTHBRIDGE,11370,HEALTHBRIDGE_EHR,Joshua,Hawkins,1940-08-27,F,7503,yjimenez@example.com,888-349-1986,94063 Bonilla Falls,Tannerborough,PA,72686,,,,,2024-05-29T14:35:26.316743,2026-05-13T18:06:12.925359
HEALTHBRIDGE,11239,HEALTHBRIDGE_EHR,Victor,Foster,2007-07-27,F,3878,joseph90@example.com,994.961.6222,1054 Gary Light,Lake Melindahaven,SD,40120,,,,,2025-12-01T23:00:04.907166,2026-05-13T18:06:12.856848
HEALTHBRIDGE,11071,HEALTHBRIDGE_EHR,Susan,Harris,1968-05-16,O,4521,daviddodson@example.org,(382)526-0809x93715,8449 Amber Flat,Littlemouth,FM,97550,,,,,2025-10-10T22:30:05.639060,2026-05-13T18:06:12.771717
HEALTHBRIDGE,11181,HEALTHBRIDGE_EHR,John,Duran,2004-11-26,F,8753,fordjoshua@example.org,450.258.2405x54651,061 Claudia Tunnel Suite 973,Moorebury,WY,00639,,,,,2024-01-23T06:42:17.924228,2026-05-13T18:06:12.827681
HEALTHBRIDGE,11021,HEALTHBRIDGE_EHR,Maria,Carter,1945-02-11,F,6885,kshelton@example.org,001-678-422-0081x001,690 White Corner Suite 759,Danielshire,WI,99428,,,,,2025-08-25T01:05:02.731868,2026-05-13T18:06:12.746792
HEALTHBRIDGE,11451,HEALTHBRIDGE_EHR,Scott,Wise,1956-11-29,F,9882,chelsea59@example.com,843.465.0941,2408 Martin Shores Suite 013,Port Craig,VI,52685,,,,,2024-08-20T10:49:33.651555,2026-05-13T18:06:12.967999
HEALTHBRIDGE,11317,HEALTHBRIDGE_EHR,Lori,Miller,1944-07-24,M,4934,william99@example.com,(649)949-7254x720,2175 Hall Glens Apt. 465,Port Justinview,ME,55635,,,,,2025-06-12T04:58:02.987114,2026-05-13T18:06:12.896952
HEALTHBRIDGE,11422,HEALTHBRIDGE_EHR,Robert,Martin,1962-03-19,F,9791,jessemason@example.net,5344544684,095 Mullen Loaf,Garciamouth,AS,94604,,,,,2025-05-12T00:19:55.753890,2026-05-13T18:06:12.952886
HEALTHBRIDGE,11333,HEALTHBRIDGE_EHR,Bryan,Smith,1992-05-05,O,9317,calhounkaren@example.org,001-312-868-3905x101,9106 Graham Path,Cameronton,MP,14903,,,,,2024-03-17T14:27:57.024613,2026-05-13T18:06:12.905657
HEALTHBRIDGE,11536,HEALTHBRIDGE_EHR,Stephanie,VVance,2000-11-06,O,1584,jrivas@example.com,(677)943-4873,434 Flores Plains,East Edwardfurt,UT,20529,,,,,2025-01-18T04:57:37.691262,2026-05-13T18:06:13.087205
HEALTHBRIDGE,11017,HEALTHBRIDGE_EHR,Joshua,Mcknight,2022-06-22,F,7418,heather91@example.org,001-932-631-8667x906,2011 Kenneth Plaza Apt. 843,Mathisburgh,MO,02839,Dawn,Mcknight,eharrison@example.net,001-653-434-2253x939,2025-09-28T05:36:51.373890,2026-05-13T18:06:12.744551
HEALTHBRIDGE,11155,HEALTHBRIDGE_EHR,Richard,Thomas,1982-04-29,M,2429,perkinsdeborah@example.net,7509719709,5406 Pamela Gateway Suite 673,Johnmouth,WA,49346,,,,,2024-08-08T17:35:22.081313,2026-05-13T18:06:12.814215
HEALTHBRIDGE,11587,HEALTHBRIDGE_EHR,Daniel,Joseph,1954-05-15,M,5168,fjones@example.com,(874)423-7837,18367 Robert Views Suite 661,Ronaldview,MN,20507,,,,,2026-05-07T20:42:27.673797,2026-05-13T18:06:13.114446
HEALTHBRIDGE,11640,HEALTHBRIDGE_EHR,Michael,Moraless,1995-10-01,O,0053,michaelroberts@example.com,478.549.9121x65585,000 Jennifer Unions Suite 872,West Sarah,MD,21800,Rebecca,Gilbert,michael12@example.net,+1-393-687-8843x1074,2025-06-28T13:30:30.653910,2026-05-13T18:06:13.143742
HEALTHBRIDGE,11199,HEALTHBRIDGE_EHR,Justin,Ashley,1987-04-17,F,5549,hughesalexis@example.org,(334)317-6546x141,147 Ashley Shore,Lake Garyshire,NY,85995,,,,,2024-01-26T20:31:00.479302,2026-05-13T18:06:12.836548
HEALTHBRIDGE,11288,HEALTHBRIDGE_EHR,Anthony,Thompson,1999-08-17,M,0054,amber85@example.org,833.527.1045x35135,17191 Hall Valley Apt. 547,Lake Michaelview,VI,28180,,,,,2024-02-04T09:54:17.050777,2026-05-13T18:06:12.882431
HEALTHBRIDGE,11461,HEALTHBRIDGE_EHR,Karen,Pearson,2020-08-02,O,4965,zwebb@example.com,828.415.7066x2501,43771 Salazar Heights,Martinhaven,KS,77108,Russell,Pearson,george83@example.org,468-420-8082x07809,2026-04-07T03:49:29.910404,2026-05-13T18:06:12.972796
HEALTHBRIDGE,11234,HEALTHBRIDGE_EHR,Jeffery,Newton,2023-06-17,M,2359,holdershawn@example.org,2823366162,95126 Brown Springs Suite 961,Port Tamaraside,KY,00716,Colleen,Newton,dominiquepowers@example.com,(273)860-8633x3995,2025-05-20T21:37:31.745894,2026-05-13T18:06:12.853984
HEALTHBRIDGE,11145,HEALTHBRIDGE_EHR,Randy,Walsh,1942-07-25,M,6204,jamespearson@example.org,670.220.9819,6961 Lisa Camp,Simpsonfort,GA,05262,,,,,2025-04-06T08:55:00.318912,2026-05-13T18:06:12.809012
HEALTHBRIDGE,11014,HEALTHBRIDGE_EHR,Karen,Roberts,1997-10-16,O,3924,sandersmichael@example.net,(929)853-2230x7248,26139 Briggs Tunnel Suite 745,Wilsontown,UT,42825,,,,,2025-12-06T03:19:22.635105,2026-05-13T18:06:12.743245
HEALTHBRIDGE,11075,HEALTHBRIDGE_EHR,Jennifer,Robinson,1970-04-10,O,6550,hweber@example.org,2725095789,508 Ashley Terrace Suite 844,Ryanmouth,WA,91861,,,,,2025-07-10T03:50:09.217169,2026-05-13T18:06:12.773622
HEALTHBRIDGE,11217,HEALTHBRIDGE_EHR,Morgan,Moran,1978-02-26,O,1276,ndawson@example.org,707.292.6609x40447,5056 Reed Islands,Lake Raymondside,MO,77931,,,,,2024-11-08T10:17:13.565766,2026-05-13T18:06:12.845556
HEALTHBRIDGE,11213,HEALTHBRIDGE_EHR,John,Perkins,1998-12-17,O,7552,daniel34@example.com,001-723-725-8024,16274 Mason Tunnel Suite 928,Harrisfort,UT,07671,,,,,2023-10-29T14:53:06.476609,2026-05-13T18:06:12.843733
HEALTHBRIDGE,11237,HEALTHBRIDGE_EHR,Deanna,Ortega,1984-10-03,O,6948,patriciaoliver@example.org,001-683-886-0390x367,6753 Dunlap Island Apt. 474,New Sarah,NM,00637,,,,,2024-12-01T17:58:51.579077,2026-05-13T18:06:12.855967
HEALTHBRIDGE,23571,HEALTHBRIDGE_EHR,Samantha,Saunders,2011-10-06,M,7825,qramirez@example.com,556-959-9250x763,4353 Rodriguez Courts,Phillipton,NM,08371,Brian,Saunders,alyssa04@example.org,001-986-632-3102x655,2025-04-24T00:09:05.516871,2026-05-13T18:06:13.026349
HEALTHBRIDGE,11769,HEALTHBRIDGE_EHR,Bryan,Ward,1987-01-29,M,8741,powellsarah@example.net,2074110648,58699 Bryan Plains,West Aliciaside,SC,79681,,,,,2024-04-18T14:53:21.993981,2026-05-13T18:06:13.216994
HEALTHBRIDGE,11197,HEALTHBRIDGE_EHR,Michelle,Lopez,1943-04-12,M,8888,andersonkayla@example.net,966.834.0419x744,224 Kirk Locks Suite 169,North Thomas,CA,60974,,,,,2023-09-05T07:56:53.743429,2026-05-13T18:06:12.835559
HEALTHBRIDGE,11462,HEALTHBRIDGE_EHR,Whitney,Carpenter,1986-09-14,F,2203,michaelsims@example.org,+1-994-423-5479x1302,51002 Timothy Points,Port Michael,NH,75497,,,,,2026-04-17T05:32:05.070721,2026-05-13T18:06:12.973367
HEALTHBRIDGE,11140,HEALTHBRIDGE_EHR,Lauren,Anderson,2009-03-09,F,6775,hmartinez@example.org,718.360.6993x994,8382 Chad Drive,Smithburgh,NM,66934,Tyler,Anderson,christensenjohn@example.net,205.869.5625,2024-06-26T00:28:11.844105,2026-05-13T18:06:12.806474
HEALTHBRIDGE,11410,HEALTHBRIDGE_EHR,Melanie,Jackson,2011-05-28,M,5855,petersenbrittany@example.net,+1-802-584-4161,40885 Sheryl Shoal Suite 323,East Tracymouth,NJ,93814,Charles,Jackson,thomasho@example.org,(559)741-5258x38516,2025-05-11T09:26:25.147484,2026-05-13T18:06:12.946321
HEALTHBRIDGE,11188,HEALTHBRIDGE_EHR,Brian,Blevins,1946-09-07,F,5363,chad66@example.net,001-843-908-6042x831,24644 Wilson Light,Port Phillipchester,NH,84897,,,,,2024-01-28T14:34:52.033104,2026-05-13T18:06:12.830750
HEALTHBRIDGE,11252,HEALTHBRIDGE_EHR,Kimberly,Allen,1973-01-17,M,4603,joseph47@example.org,755-382-2181,90706 Kennedy Meadow Apt. 131,Wintersport,MD,32454,,,,,2025-01-09T13:19:55.673494,2026-05-13T18:06:12.863845
HEALTHBRIDGE,11665,HEALTHBRIDGE_EHR,Ronald,Simpson,2003-01-16,O,9295,shelly68@example.com,871.641.0452x887,668 Paul Glens,West Deborah,NV,49138,,,,,2024-08-11T02:41:43.762870,2026-05-13T18:06:13.156607
HEALTHBRIDGE,11627,HEALTHBRIDGE_EHR,Nicole,Joones,1951-05-27,M,1876,ukey@example.com,466.491.2517x78528,018 Kevin Estates Suite 358,Meghanview,ID,83739,,,,,2025-01-10T22:28:09.558659,2026-05-13T18:06:13.136676
HEALTHBRIDGE,11341,HEALTHBRIDGE_EHR,Robert,Lopez,2002-09-21,O,8261,flowersalicia@example.com,526.376.3114,5398 Riddle Harbor,West Melissaburgh,NE,95031,,,,,2026-01-18T21:22:26.797609,2026-05-13T18:06:12.909909
HEALTHBRIDGE,28740,HEALTHBRIDGE_EHR,Lisa,Thompson,1944-12-29,M,3431,theresagonzalez@example.net,(982)443-6981x20067,1569 Danielle Stream Suite 012,Lake Katrina,WA,33994,,,,,2025-06-03T10:14:24.955499,2026-05-13T18:06:13.044890
HEALTHBRIDGE,21976,HEALTHBRIDGE_EHR,William,Dixon,2015-02-18,O,1922,thogan@example.net,+1-691-462-7765x029,12291 Frye Land Apt. 759,South Charles,OR,61318,Julie,Dixon,bennettkeith@example.net,001-833-280-1070x177,2025-12-16T01:42:10.157996,2026-05-13T18:06:13.001828
HEALTHBRIDGE,11245,HEALTHBRIDGE_EHR,Jason,Bright,1968-07-18,M,5628,adamsteresa@example.com,615-416-3295x661,364 Jones Pines Apt. 757,Harrisfurt,CA,34636,,,,,2025-12-22T18:06:40.058645,2026-05-13T18:06:12.860287
HEALTHBRIDGE,11243,HEALTHBRIDGE_EHR,Yolanda,Phillips,1941-01-11,F,8469,idavies@example.net,001-265-932-8315x307,048 Black Brooks,West Bryanbury,PW,31794,,,,,2026-02-25T22:45:35.143263,2026-05-13T18:06:12.859138
HEALTHBRIDGE,11468,HEALTHBRIDGE_EHR,Beth,Leach,2004-07-02,F,6235,staffordrachel@example.com,(294)389-3049x408,69569 Carrie Squares,East Sarah,MH,25492,,,,,2023-08-16T00:04:11.444701,2026-05-13T18:06:12.976264
HEALTHBRIDGE,11439,HEALTHBRIDGE_EHR,Seth,Nelson,1956-04-03,F,2025,smiththomas@example.net,(832)425-8337,34501 Hill Mountains,Sullivanmouth,ND,55753,,,,,2026-05-12T07:39:06.295730,2026-05-13T18:06:12.962124
HEALTHBRIDGE,11616,HEALTHBRIDGE_EHR,Chelsea,Henderson,1951-04-06,M,2504,john10@example.org,(897)211-7980x89324,96218 Jones Pine Apt. 670,Zavalaview,WA,02629,,,,,2026-01-12T19:43:49.912779,2026-05-13T18:06:13.130413
HEALTHBRIDGE,11486,HEALTHBRIDGE_EHR,Lori,Moon,1945-02-13,O,7656,mharrell@example.net,+1-228-226-6740,3549 Lopez Shores Suite 901,North Jeff,MA,25260,,,,,2023-07-09T18:56:15.223117,2026-05-13T18:06:12.985119
HEALTHBRIDGE,11495,HEALTHBRIDGE_EHR,Holly,Armstrong,1974-03-18,M,4233,davidmolina@example.org,001-518-970-8633x445,82903 Price Walks Apt. 284,Aaronberg,NV,68335,,,,,2023-12-19T08:36:49.887098,2026-05-13T18:06:12.989546
HEALTHBRIDGE,11513,HEALTHBRIDGE_EHR,John,Bradley,1968-10-23,M,0520,millertodd@example.org,001-682-827-8248x963,8713 Caleb Brooks Apt. 930,Lake Crystalbury,CA,04618,,,,,2025-01-15T01:56:53.275687,2026-05-13T18:06:13.074256
HEALTHBRIDGE,11123,HEALTHBRIDGE_EHR,Justin,Phelps,2025-07-04,O,4372,xrosario@example.net,333-831-7931x34756,6502 Leah Unions,Port Bradleyfort,NC,56095,Cheryl,Phelps,pamela87@example.org,001-705-512-5380x631,2024-04-15T04:17:17.750829,2026-05-13T18:06:12.798012
HEALTHBRIDGE,11433,HEALTHBRIDGE_EHR,Christine,Mcclure,1943-07-25,M,8272,kathleen99@example.com,+1-722-743-1212,923 Thomas Crest,Danielmouth,NH,03219,,,,,2025-05-09T11:24:28.652287,2026-05-13T18:06:12.959042
HEALTHBRIDGE,11381,HEALTHBRIDGE_EHR,Lee,Cook,1965-07-01,O,4842,zrobinson@example.com,(565)399-5990x23442,26648 Austin Coves Suite 146,New Zachary,MO,29064,,,,,2025-07-02T13:09:25.155754,2026-05-13T18:06:12.931044
HEALTHBRIDGE,11735,HEALTHBRIDGE_EHR,Mary,Suarez,1956-09-16,O,6370,iadams@example.org,768.651.6406x400,1282 Harrington Dam Suite 289,North Meganchester,AS,37688,,,,,2025-10-18T16:07:48.612786,2026-05-13T18:06:13.197985
HEALTHBRIDGE,11072,HEALTHBRIDGE_EHR,Amy,Davis,1942-08-23,O,9365,seanlambert@example.net,762-545-5407x700,8823 Arnold Courts Apt. 808,New Denise,IN,68327,,,,,2026-05-05T11:05:46.016377,2026-05-13T18:06:12.772199
HEALTHBRIDGE,11444,HEALTHBRIDGE_EHR,Susan,Mayer,1954-02-24,M,7793,geraldperry@example.net,001-992-755-8300x358,344 Jennifer Wall Apt. 885,West Tina,PW,72109,,,,,2024-02-01T00:06:10.011575,2026-05-13T18:06:12.964733
HEALTHBRIDGE,11011,HEALTHBRIDGE_EHR,Jessica,Boyd,1970-07-26,M,0118,morrisamber@example.net,+1-205-780-8140x334,105 Pollard Station,West Susan,NC,94959,,,,,2025-11-01T11:18:43.558687,2026-05-13T18:06:12.741740
HEALTHBRIDGE,11325,HEALTHBRIDGE_EHR,Mark,Wilson,1986-03-04,M,7947,caitlinboyd@example.org,001-931-602-6237x050,522 Mark Vista,Rogersview,NM,49791,,,,,2024-01-12T21:00:06.930122,2026-05-13T18:06:12.901311
HEALTHBRIDGE,11074,HEALTHBRIDGE_EHR,Yolanda,Hays,2014-07-22,M,3817,matthew30@example.net,973.313.4037,37930 Davis Plain Apt. 004,Zacharyton,NJ,19359,Peter,Hays,shane42@example.com,(284)773-2550x65299,2025-10-13T16:17:22.362957,2026-05-13T18:06:12.773058
HEALTHBRIDGE,11221,HEALTHBRIDGE_EHR,John,Spears,1959-12-14,F,1007,fbrown@example.org,856-472-6173,5989 Zimmerman Way,Gonzalezburgh,UT,39917,,,,,2023-12-12T20:56:13.171849,2026-05-13T18:06:12.847481
HEALTHBRIDGE,11063,HEALTHBRIDGE_EHR,Stephanie,Brown,1987-02-20,O,6579,skline@example.org,001-711-468-4603x895,6652 Megan Park,Rogermouth,ID,31122,,,,,2023-08-30T00:24:27.751850,2026-05-13T18:06:12.767974
HEALTHBRIDGE,11315,HEALTHBRIDGE_EHR,John,Vasquez,1973-09-01,F,6750,jason03@example.org,879-425-1733x35813,15297 Tran Heights,Thompsonland,MS,59704,,,,,2023-05-23T13:23:16.637979,2026-05-13T18:06:12.896034
HEALTHBRIDGE,11336,HEALTHBRIDGE_EHR,Kimberly,Perry,1986-08-01,O,3763,ydecker@example.com,248-222-8780x739,630 Butler Way Suite 629,Johnsonburgh,WY,93438,,,,,2025-03-10T23:38:11.468498,2026-05-13T18:06:12.907206
HEALTHBRIDGE,11584,HEALTHBRIDGE_EHR,John,Thompson,1953-05-03,O,3752,andersonmichael@example.org,001-350-324-0268,5891 Gordon Ridges Apt. 847,North Yolandafurt,NE,90429,,,,,2025-05-22T15:14:12.191590,2026-05-13T18:06:13.112911
HEALTHBRIDGE,11348,HEALTHBRIDGE_EHR,Raymond,Gonzalez,1960-07-13,F,0022,copelandjessica@example.org,+1-287-914-8454x430,7774 Deborah Hill Suite 518,North Richard,ID,99823,,,,,2023-11-21T19:24:21.689743,2026-05-13T18:06:12.913456
HEALTHBRIDGE,11641,HEALTHBRIDGE_EHR,Phillip,Jensen,1960-01-16,O,8201,brittney88@example.net,994.670.5516x9409,097 Alexandria Stravenue,Hernandezbury,AZ,75548,,,,,2025-09-10T12:43:23.366247,2026-05-13T18:06:13.144483
HEALTHBRIDGE,28551,HEALTHBRIDGE_EHR,Melanie,Dunlap,1960-03-24,F,3385,thomassamantha@example.org,3462879752,486 Evans Key,Jasminehaven,MS,19138,,,,,2023-11-30T08:20:12.473650,2026-05-13T18:06:13.003925
HEALTHBRIDGE,11133,HEALTHBRIDGE_EHR,Tara,Ortiz,1940-07-10,O,0630,bwilliams@example.com,001-985-482-4049x779,03031 Brown Turnpike Suite 175,Thompsonberg,TX,41148,,,,,2025-03-13T06:29:17.492748,2026-05-13T18:06:12.803276
HEALTHBRIDGE,11279,HEALTHBRIDGE_EHR,Chris,Cruz,2001-01-07,F,2915,collinselizabeth@example.org,2296654419,7029 Ellis Wells,West Alexmouth,MT,22570,,,,,2024-01-29T10:43:44.703133,2026-05-13T18:06:12.877167
HEALTHBRIDGE,11434,HEALTHBRIDGE_EHR,Shannon,Brown,1995-07-29,M,8664,tdecker@example.net,001-324-745-4759x711,731 David Estate Suite 459,Mercadoshire,KY,56524,,,,,2024-12-12T22:14:05.540387,2026-05-13T18:06:12.959594
HEALTHBRIDGE,21850,HEALTHBRIDGE_EHR,Theodore,Lopez,1994-05-25,M,7173,burkejohn@example.com,(901)585-9052,87656 Livingston Ferry,Danielhaven,MS,44455,,,,,2025-07-19T05:47:44.378163,2026-05-13T18:06:13.047693
HEALTHBRIDGE,11120,HEALTHBRIDGE_EHR,Hannah,Wall,1993-02-16,F,2384,alexandrajones@example.org,626-642-1815,893 Reid Motorway Apt. 705,South Anthonystad,SD,95073,,,,,2023-06-04T21:43:29.415771,2026-05-13T18:06:12.796524
HEALTHBRIDGE,11419,HEALTHBRIDGE_EHR,Martha,Gillespie,1940-09-04,O,9029,rodriguezkevin@example.com,(250)425-7870x90959,990 Myers Locks Apt. 991,Port Aimee,FM,35460,,,,,2024-12-15T10:58:20.227968,2026-05-13T18:06:12.951280
HEALTHBRIDGE,11094,HEALTHBRIDGE_EHR,Travis,Kelley,1986-11-25,O,7245,paige44@example.net,214-742-9426x7088,51378 Krause Fall,Hicksmouth,AZ,38946,,,,,2023-10-17T16:47:47.670056,2026-05-13T18:06:12.783301
HEALTHBRIDGE,11247,HEALTHBRIDGE_EHR,Justin,Wilson,1965-10-25,F,4827,shannonhopkins@example.org,001-828-426-5652x936,4540 Kimberly Prairie Apt. 975,Markfurt,TN,39612,,,,,2025-04-01T13:30:31.432106,2026-05-13T18:06:12.861263
HEALTHBRIDGE,11207,HEALTHBRIDGE_EHR,Jacob,Oliver,1948-10-04,M,3666,kristen00@example.org,(719)906-7244x609,48774 Hughes Center Apt. 572,New Codyton,AZ,94363,,,,,2025-06-08T22:48:14.996962,2026-05-13T18:06:12.840432
HEALTHBRIDGE,11690,HEALTHBRIDGE_EHR,Steven,Errickson,1977-09-03,M,7397,ssalinas@example.org,(872)843-4266x17979,8911 Diane Knoll,Lake Cheyenne,OK,85046,,,,,2025-05-17T16:12:52.185114,2026-05-13T18:06:13.169679
HEALTHBRIDGE,11499,HEALTHBRIDGE_EHR,Kevin,Griffin,1955-11-26,O,1479,timothyklein@example.com,999.674.4225x97303,083 Larsen Vista Apt. 200,Hopkinsside,IA,00759,,,,,2025-04-13T06:21:01.061889,2026-05-13T18:06:12.991480
HEALTHBRIDGE,28034,HEALTHBRIDGE_EHR,Andrew,Myers,1961-09-30,M,3394,daniel45@example.com,001-955-973-8156,156 Jacob Brooks,Port Courtney,PR,21621,,,,,2025-09-18T04:48:33.139843,2026-05-13T18:06:13.043144
HEALTHBRIDGE,11200,HEALTHBRIDGE_EHR,Linda,Meyer,2002-03-14,M,7712,ann01@example.org,271.327.7156x853,4794 Rhonda Alley Apt. 089,East Ashlee,AZ,53238,,,,,2024-02-24T11:35:00.051446,2026-05-13T18:06:12.836987
HEALTHBRIDGE,11227,HEALTHBRIDGE_EHR,Jessica,Vaughan,1971-04-26,F,8992,frankcox@example.net,001-664-497-4787x067,307 Steve Common Apt. 101,West Yvonne,LA,69144,,,,,2025-09-05T05:48:33.608474,2026-05-13T18:06:12.850370
HEALTHBRIDGE,11258,HEALTHBRIDGE_EHR,Kevin,Walters,1951-07-10,M,3454,kjohnson@example.org,268-801-1536,94534 Clark Circle Apt. 960,West Jamesborough,AS,83169,,,,,2026-04-26T17:36:55.887774,2026-05-13T18:06:12.866715
HEALTHBRIDGE,11521,HEALTHBRIDGE_EHR,Sarah,Wallls,1960-07-01,M,8928,ellisyolanda@example.org,783-684-2513,8498 Elizabeth Plaza,Sarahville,FM,18102,,,,,2025-12-17T12:28:19.217571,2026-05-13T18:06:13.079077
HEALTHBRIDGE,11012,HEALTHBRIDGE_EHR,Ryan,Pham,1983-10-26,O,7161,walterssuzanne@example.org,316-469-4602,7642 Edward Spur Suite 983,Waterston,NH,35559,,,,,2025-03-25T10:56:40.289470,2026-05-13T18:06:12.742222
HEALTHBRIDGE,11242,HEALTHBRIDGE_EHR,James,Ross,2010-05-29,M,2327,stewartkristine@example.org,367-260-8960,5897 Janice Curve Suite 658,Port Barbara,OH,43708,Danielle,Ross,burtonkevin@example.com,+1-250-339-8638x3466,2024-02-12T13:25:20.142746,2026-05-13T18:06:12.858287
HEALTHBRIDGE,11053,HEALTHBRIDGE_EHR,Nicole,Brown,1976-04-30,F,3616,lday@example.com,666.250.8368x16821,73087 Sandra Throughway Apt. 903,New Patriciaberg,AK,07323,,,,,2024-05-21T23:48:02.727307,2026-05-13T18:06:12.763119
HEALTHBRIDGE,11490,HEALTHBRIDGE_EHR,Kelly,Buchanan,1999-06-30,M,6757,ohudson@example.net,278.781.0485x915,48784 Kyle Trafficway Suite 714,Lake Williamhaven,NH,64459,,,,,2025-10-22T19:56:26.495081,2026-05-13T18:06:12.986852
HEALTHBRIDGE,11650,HEALTHBRIDGE_EHR,Carrie,Heberrt,1968-02-16,O,2504,justin88@example.com,(687)443-1527,549 Gregory Walks,Wilcoxhaven,MD,11869,,,,,2023-11-27T15:20:34.534638,2026-05-13T18:06:13.149298
HEALTHBRIDGE,29509,HEALTHBRIDGE_EHR,Joe,Francis,1951-01-25,F,9550,paulahall@example.org,246-746-7503,85203 Garcia Cape Apt. 044,East Barry,WV,06166,,,,,2025-02-11T20:06:49.076627,2026-05-13T18:06:13.005285
HEALTHBRIDGE,11266,HEALTHBRIDGE_EHR,Andrew,Moore,1973-12-06,F,4375,schneiderstephen@example.org,(351)634-2045x7813,2530 Bruce Dam Suite 130,North Danielland,LA,56113,,,,,2024-04-09T08:15:54.563754,2026-05-13T18:06:12.870693
HEALTHBRIDGE,11061,HEALTHBRIDGE_EHR,Amy,Alvarez,1955-04-07,O,9446,leeadrian@example.org,+1-417-961-7061x3011,318 Spencer Burgs,West Theodore,MS,47379,,,,,2026-03-25T11:12:43.735981,2026-05-13T18:06:12.767074
HEALTHBRIDGE,11450,HEALTHBRIDGE_EHR,Matthew,Walton,1972-08-02,O,4472,wsanders@example.org,3882837079,31543 Carter Common Suite 470,Amberfurt,NM,16759,,,,,2023-09-13T12:55:25.816712,2026-05-13T18:06:12.967534
HEALTHBRIDGE,27200,HEALTHBRIDGE_EHR,Kelly,Kelly,1952-07-15,O,3127,marcus88@example.com,+1-680-669-0439x878,60269 Ashley Lakes Suite 052,New Aliciatown,HI,00617,,,,,2025-10-01T07:30:15.112118,2026-05-13T18:06:13.035101
HEALTHBRIDGE,11078,HEALTHBRIDGE_EHR,Julian,Coleman,1995-07-21,O,4921,scott01@example.org,707.295.1181x21652,9590 Allen Junction,South Mirandaland,WI,65677,,,,,2024-02-19T07:56:04.965585,2026-05-13T18:06:12.774954
HEALTHBRIDGE,11630,HEALTHBRIDGE_EHR,Stephanie,Hill,1962-08-28,F,4371,christina18@example.net,(299)222-9959,94396 Tyler Road,Dawnport,NJ,32597,,,,,2025-11-12T14:20:24.679232,2026-05-13T18:06:13.138113
HEALTHBRIDGE,11034,HEALTHBRIDGE_EHR,Andrea,Mitchell,1988-11-13,M,4075,jessica19@example.org,542-246-2712x393,3353 Salazar Mountains Suite 980,Brightburgh,NY,24867,,,,,2025-07-22T04:02:45.683358,2026-05-13T18:06:12.753467
HEALTHBRIDGE,11058,HEALTHBRIDGE_EHR,Caleb,Miller,1999-01-30,O,1591,ymartinez@example.net,257-240-5199x5081,7352 Cuevas Lakes Suite 176,West Ian,DE,31933,,,,,2025-04-27T14:51:41.275589,2026-05-13T18:06:12.765422
HEALTHBRIDGE,11102,HEALTHBRIDGE_EHR,Maxwell,Walker,2021-04-14,F,3288,wooddonald@example.net,(315)950-1352x471,505 Jared Way Apt. 841,West Kaitlynport,CT,17170,Jennifer,Walker,vasquezcrystal@example.org,451-856-9933x276,2023-06-07T05:05:33.943563,2026-05-13T18:06:12.787384
HEALTHBRIDGE,11352,HEALTHBRIDGE_EHR,Christina,Jackson,2000-08-29,O,5963,meadowsvalerie@example.com,(351)577-3131x97493,76255 Stephanie Manors Suite 118,West Samuel,FM,56057,,,,,2025-03-30T00:01:06.305359,2026-05-13T18:06:12.915421
HEALTHBRIDGE,11319,HEALTHBRIDGE_EHR,Matthew,Rose,2010-03-30,O,5929,tonywebb@example.org,001-571-654-2241x250,47223 Mcintyre Cape,Evansland,PA,63810,Madeline,Rose,hahnbrett@example.com,523.599.8877,2024-05-26T15:31:01.846838,2026-05-13T18:06:12.898037
HEALTHBRIDGE,24498,HEALTHBRIDGE_EHR,Abigail,Nelson,1957-12-27,M,2049,nmoore@example.com,8695754132,150 David Parkways,North Brittany,FL,10401,,,,,2025-08-28T23:15:15.276437,2026-05-13T18:06:13.033507
HEALTHBRIDGE,26388,HEALTHBRIDGE_EHR,Daniel,Jackson,1957-01-05,O,2525,crossbilly@example.com,001-883-240-0771,083 Melissa Mill,West Marisa,VA,74540,,,,,2024-08-27T15:32:59.663363,2026-05-13T18:06:13.021879
HEALTHBRIDGE,11003,HEALTHBRIDGE_EHR,Jessica,Diaz,1966-09-27,F,8856,shuff@example.net,001-937-910-5392x590,536 Katrina Coves,Robertsbury,UT,03125,,,,,2024-02-19T20:05:21.928058,2026-05-13T18:06:12.737735
HEALTHBRIDGE,11368,HEALTHBRIDGE_EHR,Susan,Clark,2018-08-22,O,5503,grasmussen@example.com,(922)535-0799x378,19980 Mcmahon Glens Suite 033,Gregorystad,AR,71434,Eric,Clark,rickywelch@example.org,+1-810-976-7778,2024-07-19T10:00:45.890387,2026-05-13T18:06:12.924132
HEALTHBRIDGE,11159,HEALTHBRIDGE_EHR,William,Oliver,1985-10-02,O,9485,juangould@example.net,(888)226-1734,63149 Hannah Path Apt. 372,New Joanna,NC,98074,,,,,2026-05-08T23:10:28.260989,2026-05-13T18:06:12.816403
HEALTHBRIDGE,11321,HEALTHBRIDGE_EHR,Justin,Deleon,1984-03-27,M,7772,jenkinsjake@example.net,001-955-334-3349,04093 Kelly Harbor Apt. 009,Lake Joymouth,IN,15127,,,,,2024-06-29T05:20:04.449172,2026-05-13T18:06:12.899228
HEALTHBRIDGE,11154,HEALTHBRIDGE_EHR,Sheila,Chambers,2008-01-13,O,4556,krogers@example.org,+1-219-780-5283,67308 Lisa Forks,Andrewchester,SC,62728,,,,,2024-10-03T08:36:48.486883,2026-05-13T18:06:12.813754
HEALTHBRIDGE,11079,HEALTHBRIDGE_EHR,Crystal,Sutton,2014-04-06,M,5478,eavery@example.net,+1-463-710-3231x9767,1684 Ramirez Ramp Suite 458,West Felicia,CO,87569,Jacob,Sutton,delacruzmelissa@example.org,624.647.9297x591,2024-12-28T04:19:20.756064,2026-05-13T18:06:12.775460
HEALTHBRIDGE,11436,HEALTHBRIDGE_EHR,John,Daugherty,2023-01-25,O,7777,ashley70@example.com,+1-895-499-0196x4335,502 Pamela Wall,New Thomaston,AL,05755,Donald,Daugherty,vanessahoward@example.org,001-220-689-3956x089,2024-12-23T01:46:35.651708,2026-05-13T18:06:12.960520
HEALTHBRIDGE,11327,HEALTHBRIDGE_EHR,Jennifer,Jackson,1966-10-26,M,5336,wardkimberly@example.com,(554)997-8064,603 Jefferson Unions,Gainesbury,CA,14725,,,,,2024-08-25T05:17:05.687047,2026-05-13T18:06:12.902320
HEALTHBRIDGE,11496,HEALTHBRIDGE_EHR,Heather,Hopkins,1972-06-23,O,2883,christine41@example.net,+1-447-890-4475x1537,0823 Alexander Springs,North Evelynburgh,PA,62444,,,,,2024-12-21T16:57:25.723449,2026-05-13T18:06:12.989967
HEALTHBRIDGE,11458,HEALTHBRIDGE_EHR,Jacqueline,Cunningham,1944-09-24,O,4287,jessicaward@example.org,(235)662-8724x504,7716 Amanda Ridge,North Amanda,DC,38541,,,,,2024-03-21T18:57:17.869890,2026-05-13T18:06:12.971412
HEALTHBRIDGE,11114,HEALTHBRIDGE_EHR,Jessica,Atkins,1996-11-06,O,3726,lindasmith@example.net,822-858-9873x07321,9107 Courtney Springs Suite 117,East Elizabethview,AL,84299,,,,,2023-10-21T21:52:33.256687,2026-05-13T18:06:12.793806
HEALTHBRIDGE,11069,HEALTHBRIDGE_EHR,Scott,Allen,1971-07-26,M,8480,xgreen@example.net,271.799.4250x59253,877 Randall Skyway Apt. 737,Shawnbury,NC,95090,,,,,2025-03-30T20:57:18.613164,2026-05-13T18:06:12.770494
HEALTHBRIDGE,11253,HEALTHBRIDGE_EHR,James,Preston,1976-05-18,O,1827,michaelhuerta@example.org,(733)321-0125x467,995 Ruiz Fort Apt. 705,Patelberg,MN,72834,,,,,2023-12-14T23:44:13.153214,2026-05-13T18:06:12.864338
HEALTHBRIDGE,11675,HEALTHBRIDGE_EHR,Jennifer,Nichols,1963-09-28,F,9007,davidmarquez@example.com,682-833-9845,6793 Kevin Views,Lake Victoriaton,CO,53621,,,,,2024-02-02T10:28:20.930377,2026-05-13T18:06:13.161849
HEALTHBRIDGE,11287,HEALTHBRIDGE_EHR,Joann,Gonzalez,1945-10-01,F,6617,terri49@example.org,(426)631-7774x42221,197 Teresa Course,East Jonathanborough,CT,59968,,,,,2024-05-05T23:10:28.326509,2026-05-13T18:06:12.882017
HEALTHBRIDGE,11073,HEALTHBRIDGE_EHR,Brian,Arias,2003-09-26,F,2557,travis98@example.org,287-953-7156x41533,6670 Lewis Fort,North Ashleyland,VT,56960,,,,,2025-06-15T17:01:25.955851,2026-05-13T18:06:12.772631
HEALTHBRIDGE,11264,HEALTHBRIDGE_EHR,Patrick,Holden,1967-08-30,O,0672,psantos@example.org,683.668.4143,28074 Lee Flats Apt. 595,New Kathrynview,GA,69275,,,,,2025-04-15T11:24:44.905037,2026-05-13T18:06:12.869605
HEALTHBRIDGE,11104,HEALTHBRIDGE_EHR,Lisa,Bradley,2017-06-10,O,5901,sprice@example.org,(343)765-3145x94568,951 James Fort,New Sethside,OR,63274,Kimberly,Bradley,theresamalone@example.org,504.323.3388,2025-12-30T10:15:20.331262,2026-05-13T18:06:12.788456
HEALTHBRIDGE,11359,HEALTHBRIDGE_EHR,Gary,Navarro,1950-09-26,O,8629,gbrooks@example.org,252.594.9576,108 Buchanan Roads Apt. 970,Kendraborough,NC,56096,,,,,2024-12-28T17:33:47.622118,2026-05-13T18:06:12.918844
HEALTHBRIDGE,11750,HEALTHBRIDGE_EHR,Alan,Lopez,2016-01-28,F,7734,wangmichael@example.org,893.301.6368x42633,55965 Martin Drive,Claytonville,TN,95502,Raven,Ortiz,cummingsmelissa@example.com,(638)802-6709,2024-11-16T11:16:59.235144,2026-05-13T18:06:13.206043
HEALTHBRIDGE,11367,HEALTHBRIDGE_EHR,Jennifer,Rhodes,2005-12-20,M,1031,onelson@example.com,+1-593-599-6979x3393,768 Andrea Underpass,Boydhaven,FL,45786,,,,,2024-11-25T20:06:42.495921,2026-05-13T18:06:12.923655
HEALTHBRIDGE,11378,HEALTHBRIDGE_EHR,Ashley,Watkins,2011-08-14,M,8743,markhernandez@example.net,001-496-609-1027x647,11190 Samuel Mall,East Todd,ID,83391,Daniel,Watkins,stacymccormick@example.org,+1-683-814-5237x803,2026-02-28T00:45:24.831143,2026-05-13T18:06:12.929325
HEALTHBRIDGE,11261,HEALTHBRIDGE_EHR,Christopher,Williams,1969-09-26,O,8724,sbradley@example.com,753.307.4878x13409,50181 Jennifer Station Suite 170,North Tanyahaven,GU,47400,,,,,2024-04-11T14:14:48.448223,2026-05-13T18:06:12.868225
HEALTHBRIDGE,11345,HEALTHBRIDGE_EHR,Douglas,Carter,1997-05-12,F,4994,davidmiller@example.com,001-944-338-7871,9358 Robin Keys,Amandaburgh,MA,57283,,,,,2023-11-04T07:23:10.811620,2026-05-13T18:06:12.911960
HEALTHBRIDGE,11299,HEALTHBRIDGE_EHR,Brandon,Stanley,2002-10-24,M,3468,doris49@example.org,559.634.1773,071 Marilyn Courts,North Lauren,TN,02712,,,,,2026-01-07T06:35:22.725117,2026-05-13T18:06:12.887940
HEALTHBRIDGE,11379,HEALTHBRIDGE_EHR,Jay,Gonzalez,2004-10-23,F,2381,zacharybaker@example.org,(265)268-6680x580,953 Mark Village Suite 015,Jeffreyside,UT,98324,,,,,2025-10-11T19:40:52.165904,2026-05-13T18:06:12.930033
HEALTHBRIDGE,11062,HEALTHBRIDGE_EHR,Robert,Smith,1949-06-07,O,6997,hudsonelizabeth@example.net,001-654-526-0782x411,241 Jon Mountains Suite 466,West Renee,NC,19618,,,,,2023-09-30T02:43:26.958194,2026-05-13T18:06:12.767524
HEALTHBRIDGE,11031,HEALTHBRIDGE_EHR,Julia,Ortiz,1977-07-05,F,5316,jamesmendoza@example.org,(462)581-9150,3873 Benitez Causeway Suite 219,Alantown,KS,62529,,,,,2023-10-04T02:18:32.061280,2026-05-13T18:06:12.751988
HEALTHBRIDGE,11591,HEALTHBRIDGE_EHR,Megan,Villegas,1992-08-04,M,5155,lynchdiane@example.net,626.695.3724,83667 Moore Inlet,Kimberlyshire,PA,11636,,,,,2023-06-21T12:30:04.128707,2026-05-13T18:06:13.116588
HEALTHBRIDGE,11169,HEALTHBRIDGE_EHR,Jason,Malone,1971-02-17,M,1936,cdelacruz@example.com,255.746.0683x426,88249 Chapman Lane,New Janetville,NY,61613,,,,,2025-08-21T08:51:38.118120,2026-05-13T18:06:12.821508
HEALTHBRIDGE,11353,HEALTHBRIDGE_EHR,Matthew,Reyes,1993-11-06,F,7624,bryanttaylor@example.com,283-562-8134x135,6074 Singleton Parkways,Nguyenport,SD,98136,,,,,2024-04-02T02:51:21.785513,2026-05-13T18:06:12.916023
HEALTHBRIDGE,11246,HEALTHBRIDGE_EHR,Peter,Miller,2006-09-20,F,8399,katie96@example.com,7008925683,8387 Mendoza Isle,Aaronbury,ME,62248,,,,,2025-08-25T20:53:51.105353,2026-05-13T18:06:12.860781
HEALTHBRIDGE,11652,HEALTHBRIDGE_EHR,Richard,Davis,1983-03-03,O,8837,thomasboyle@example.org,563-274-5499x045,4268 Vaughn Route,Michaelbury,IN,18008,,,,,2025-11-20T19:02:21.952847,2026-05-13T18:06:13.150224
HEALTHBRIDGE,11148,HEALTHBRIDGE_EHR,Tony,Williams,2001-10-17,F,5071,russell31@example.com,(450)203-9455x8464,190 Jason Alley,South Tiffanyville,PA,68960,,,,,2025-01-02T23:49:39.618978,2026-05-13T18:06:12.810307
HEALTHBRIDGE,11688,HEALTHBRIDGE_EHR,Derek,Smithh,1963-07-01,F,6118,ncook@example.com,775-669-2459x37526,356 Velasquez Lock Suite 193,Lake Katrina,AK,95818,,,,,2023-09-22T19:42:02.617249,2026-05-13T18:06:13.168750
HEALTHBRIDGE,11049,HEALTHBRIDGE_EHR,Jennifer,Gonzales,1967-04-02,M,8572,vmacias@example.net,519.346.8774x92944,7572 Ortiz Green,Lake Markfurt,SD,55904,,,,,2026-01-21T12:19:37.334716,2026-05-13T18:06:12.761185
HEALTHBRIDGE,11508,HEALTHBRIDGE_EHR,Hailey,Robinson,1992-03-11,M,1679,megan03@example.org,549.413.4816x940,653 William Course Apt. 122,Carlsonfurt,MS,78605,Amanda,Thomas,timothygomez@example.net,290.905.7834x108,2025-05-12T21:38:26.099537,2026-05-13T18:06:13.071702
HEALTHBRIDGE,11170,HEALTHBRIDGE_EHR,Zachary,Johnson,2023-01-28,O,6793,robertsandrew@example.com,348.574.5126,022 Natasha Rapid Suite 431,North Kylie,KY,93952,Marie,Johnson,gillespiethomas@example.com,(568)972-3063x6578,2024-05-02T13:05:54.678179,2026-05-13T18:06:12.822017
HEALTHBRIDGE,11109,HEALTHBRIDGE_EHR,Danielle,Henson,2009-12-12,F,8027,treid@example.org,+1-308-478-0378x2537,887 Justin Common Suite 578,East Crystalmouth,ID,94139,Lori,Henson,pittmanelizabeth@example.com,(347)999-4433,2023-08-07T07:27:06.422813,2026-05-13T18:06:12.791113
HEALTHBRIDGE,11276,HEALTHBRIDGE_EHR,Robert,Sanchez,1948-06-28,M,7429,colincox@example.net,851.796.7929x605,43422 Tyler Cape,Jayton,NH,60455,,,,,2023-11-14T12:33:27.202986,2026-05-13T18:06:12.875812
HEALTHBRIDGE,11056,HEALTHBRIDGE_EHR,Michael,Little,1954-11-24,O,0955,deborah45@example.net,287.550.0770,2113 Esparza Squares,West Jamesbury,DE,99770,,,,,2024-06-27T15:58:51.599841,2026-05-13T18:06:12.764492
HEALTHBRIDGE,11086,HEALTHBRIDGE_EHR,Donald,Arroyo,2016-04-03,F,9362,levans@example.com,001-824-794-1801,29464 John Coves,New Steven,PA,12878,Robin,Arroyo,cody12@example.org,639.405.9666,2024-02-26T09:25:01.129673,2026-05-13T18:06:12.779064
HEALTHBRIDGE,11055,HEALTHBRIDGE_EHR,Tamara,Murphy,1997-09-23,O,0994,rodriguezbrittany@example.net,884.675.4318,478 Brian Via Apt. 463,Jenkinshaven,IA,63158,,,,,2025-11-21T22:15:06.809495,2026-05-13T18:06:12.764100
HEALTHBRIDGE,11471,HEALTHBRIDGE_EHR,Paul,Graham,1999-12-15,M,5531,brownmolly@example.org,(697)965-7125x445,96149 Tara Cliff Suite 090,Kevinport,ME,75404,,,,,2024-08-19T06:45:05.548513,2026-05-13T18:06:12.978073
HEALTHBRIDGE,11473,HEALTHBRIDGE_EHR,Whitney,Ramirez,1955-01-15,M,7695,flynnsamuel@example.org,(835)809-6801x92271,93526 Christopher Roads,Thompsonchester,MA,44511,,,,,2024-11-17T07:14:21.653251,2026-05-13T18:06:12.979092
HEALTHBRIDGE,11006,HEALTHBRIDGE_EHR,Michael,Alvarado,1968-12-01,F,8841,philipbrown@example.com,8979312206,5405 Jill Fall Suite 216,Jeffreybury,UT,22346,,,,,2026-03-14T13:00:14.211531,2026-05-13T18:06:12.739264
HEALTHBRIDGE,11412,HEALTHBRIDGE_EHR,Nathan,Wu,2016-08-17,O,1258,ghicks@example.net,8145081235,7660 Shawn Locks,South Allison,SC,73213,Monica,Wu,imullen@example.org,+1-938-534-7705x104,2025-01-12T05:58:10.038751,2026-05-13T18:06:12.947503
HEALTHBRIDGE,11128,HEALTHBRIDGE_EHR,Nicholas,Bell,1980-05-08,F,0245,mendozamichele@example.org,(361)369-0367x05904,977 Leonard Cove Suite 670,Nunezside,NH,36040,,,,,2025-03-18T20:59:35.460321,2026-05-13T18:06:12.800862
HEALTHBRIDGE,11402,HEALTHBRIDGE_EHR,Christopher,Perry,1949-02-07,M,0040,chelseybenitez@example.net,222-566-3154x3099,913 Michael Light Suite 366,Millerfurt,ME,55382,,,,,2026-01-04T02:17:15.149325,2026-05-13T18:06:12.941855
HEALTHBRIDGE,11648,HEALTHBRIDGE_EHR,Jeremiah,HHall,1952-07-08,F,8317,gutierrezjennifer@example.org,+1-520-282-6773x4540,2067 Sharon Well,Nancytown,ME,74944,,,,,2023-10-03T22:45:32.805035,2026-05-13T18:06:13.148329
HEALTHBRIDGE,11300,HEALTHBRIDGE_EHR,Elizabeth,Carroll,1941-10-12,O,8791,carlmcfarland@example.com,+1-981-210-8023x8836,579 Allen Knolls,Collinsland,MH,09611,,,,,2025-03-07T17:43:08.533465,2026-05-13T18:06:12.888420
HEALTHBRIDGE,11130,HEALTHBRIDGE_EHR,Heather,Smith,2000-02-19,F,8027,hudsonscott@example.com,375-395-0133x672,7814 Amanda Place Apt. 464,Lake Johnland,MT,43237,,,,,2023-07-14T07:48:15.111297,2026-05-13T18:06:12.801828
HEALTHBRIDGE,11382,HEALTHBRIDGE_EHR,Amanda,Brown,1970-08-07,O,2409,karen31@example.net,(913)613-5611x702,44793 Jackson Extensions Apt. 917,Joneschester,OH,21535,,,,,2026-01-03T12:03:49.185146,2026-05-13T18:06:12.931478
HEALTHBRIDGE,21750,HEALTHBRIDGE_EHR,Debbie,Smith,2006-03-21,O,7583,fharper@example.com,+1-698-286-1825x6166,028 Duane Fall,Kellyfurt,NE,11431,,,,,2026-04-13T13:01:27.155387,2026-05-13T18:06:13.029412
HEALTHBRIDGE,11248,HEALTHBRIDGE_EHR,Gavin,Jennings,2003-05-29,O,4981,samuel54@example.com,965.283.9018x7692,88528 Brown Wells Suite 834,Jeffreyberg,GU,76916,,,,,2025-03-23T05:51:01.684577,2026-05-13T18:06:12.861716
HEALTHBRIDGE,11548,HEALTHBRIDGE_EHR,Hunter,Lewis,1952-07-14,M,5925,wwalsh@example.org,9839136783,14363 Beck Land Suite 885,Barajasside,MA,46613,,,,,2025-05-31T20:42:03.773859,2026-05-13T18:06:13.093603
HEALTHBRIDGE,11143,HEALTHBRIDGE_EHR,Antonio,Cochran,1988-03-20,M,1870,kramirez@example.net,631-812-6597,02312 Tracy Crescent,Buchanantown,ME,23796,,,,,2025-06-22T14:24:09.866726,2026-05-13T18:06:12.808114
HEALTHBRIDGE,11090,HEALTHBRIDGE_EHR,Allison,Garcia,1941-01-28,M,1173,wwalker@example.com,3197353110,6731 Thomas Square Apt. 174,North Rebecca,NV,47616,,,,,2024-08-10T14:19:31.693953,2026-05-13T18:06:12.781069
HEALTHBRIDGE,11431,HEALTHBRIDGE_EHR,Susan,Sanchez,1983-02-19,O,5759,jessicasutton@example.org,+1-409-427-4939x0981,15128 Miller Lights,Antonioport,MP,14679,,,,,2025-07-05T13:29:13.582022,2026-05-13T18:06:12.957860
HEALTHBRIDGE,11027,HEALTHBRIDGE_EHR,Patrick,Cannon,1995-08-28,O,3415,nguyenjane@example.org,500.929.3313x2689,0213 Chang Vista Suite 157,Millerberg,WA,80130,,,,,2026-05-03T16:50:42.474824,2026-05-13T18:06:12.749966
HEALTHBRIDGE,11028,HEALTHBRIDGE_EHR,Alicia,Thompson,1968-12-13,M,0691,bryan95@example.com,001-717-965-5892x235,3022 Charlene Fork,West Stephanie,ND,58019,,,,,2024-12-11T15:34:25.153967,2026-05-13T18:06:12.750341
HEALTHBRIDGE,11504,HEALTHBRIDGE_EHR,Colin,Abbott,1959-01-10,O,4012,lindsay78@example.org,(518)349-5931x0341,7525 Clark Grove Apt. 928,East Steven,KY,84387,,,,,2024-05-25T00:03:57.907007,2026-05-13T18:06:13.069771
HEALTHBRIDGE,11420,HEALTHBRIDGE_EHR,Amber,James,1993-10-20,F,1251,awillis@example.org,(436)877-1775x29694,4897 Emily Greens,Lake Devonmouth,MP,21977,,,,,2025-10-01T01:10:28.319398,2026-05-13T18:06:12.951734
HEALTHBRIDGE,11430,HEALTHBRIDGE_EHR,Rachel,Lopez,1996-03-18,O,3365,garrettjordan@example.com,(298)645-9890x9066,306 Sandra Manors Suite 658,Thompsonview,KY,39892,,,,,2024-07-13T02:15:25.246963,2026-05-13T18:06:12.957333
HEALTHBRIDGE,11693,HEALTHBRIDGE_EHR,Adriana,Bailey,2001-11-27,M,0344,kimheather@example.com,581.401.8973,673 Soto Ferry Suite 609,South Brittany,MS,01084,Joshua,Woods,vzimmerman@example.net,+1-997-201-5422,2025-06-19T11:57:11.294561,2026-05-13T18:06:13.171278
HEALTHBRIDGE,11437,HEALTHBRIDGE_EHR,Roger,Jones,1984-10-10,O,1758,awilson@example.org,278-824-7599x1173,0688 Murray Meadow Apt. 273,South Andrewstad,AR,20650,,,,,2025-06-06T16:16:26.399854,2026-05-13T18:06:12.961192
HEALTHBRIDGE,11362,HEALTHBRIDGE_EHR,Kristen,Harrison,1950-04-18,M,6400,jessica92@example.org,7173274821,0796 Christopher Divide Suite 049,Velasquezchester,UT,84894,,,,,2026-04-15T01:41:47.509294,2026-05-13T18:06:12.920177
HEALTHBRIDGE,11479,HEALTHBRIDGE_EHR,Philip,Williams,1969-08-07,F,3700,jacob04@example.net,466-486-5103x89537,839 Joann Branch Apt. 532,Josephside,ND,03413,,,,,2024-11-02T19:37:24.283262,2026-05-13T18:06:12.981676
HEALTHBRIDGE,11366,HEALTHBRIDGE_EHR,Jonathan,Taylor,1947-12-07,F,7272,wlong@example.org,001-450-894-5573x149,24776 James Point Apt. 807,North Brandonview,MD,69394,,,,,2025-09-06T12:16:22.412971,2026-05-13T18:06:12.923166
HEALTHBRIDGE,22003,HEALTHBRIDGE_EHR,Hannah,Curry,1972-02-24,M,8335,peterhester@example.net,+1-913-492-2230x4210,8793 Sharp Throughway,East Jessemouth,WI,59136,,,,,2025-11-12T07:58:57.927922,2026-05-13T18:06:13.016186
HEALTHBRIDGE,11320,HEALTHBRIDGE_EHR,Stephanie,Moore,1944-02-11,F,3409,schmidtsabrina@example.org,+1-775-358-2632x1894,858 Allison Courts,Howardville,NM,93664,,,,,2025-01-16T22:49:13.539078,2026-05-13T18:06:12.898716
HEALTHBRIDGE,11452,HEALTHBRIDGE_EHR,Bryan,Rhodes,1945-09-14,F,2414,dixondavid@example.org,3452999207,13189 Johnson Bypass,West Paul,VI,83599,,,,,2023-08-20T12:28:20.099902,2026-05-13T18:06:12.968467
HEALTHBRIDGE,26943,HEALTHBRIDGE_EHR,Heather,Simmons,1977-03-09,O,6909,wilsondenise@example.net,925-524-6719x3064,753 Ferguson Port,East Jessica,IL,43678,,,,,2025-05-13T17:53:34.761657,2026-05-13T18:06:13.052018
HEALTHBRIDGE,11617,HEALTHBRIDGE_EHR,Michael,Jones,1966-03-08,F,6916,allison44@example.net,001-952-205-8527x722,03054 Hays Plains Suite 403,Michaelton,VI,86449,,,,,2025-01-02T15:20:52.525445,2026-05-13T18:06:13.131112
HEALTHBRIDGE,11098,HEALTHBRIDGE_EHR,Gregory,Schroeder,1993-12-16,F,7719,karina20@example.net,961.208.8025,2063 Brown Landing,Christineville,MD,16655,,,,,2024-07-15T22:14:13.873506,2026-05-13T18:06:12.785233
HEALTHBRIDGE,11447,HEALTHBRIDGE_EHR,Deanna,Page,2013-10-23,O,9675,marcus18@example.net,001-946-689-1583x365,91487 Carrie Square Apt. 833,Port Julie,MI,55821,Theodore,Page,estephens@example.org,(866)899-1699x2770,2023-09-23T22:23:25.142741,2026-05-13T18:06:12.966013
HEALTHBRIDGE,11384,HEALTHBRIDGE_EHR,John,Roberts,2003-03-09,O,9026,markmiller@example.org,+1-854-555-1924x152,401 Kirk Corners Suite 064,West Kevinborough,IA,65021,,,,,2025-06-07T02:08:59.928536,2026-05-13T18:06:12.932408
HEALTHBRIDGE,11187,HEALTHBRIDGE_EHR,Philip,Bates,2004-09-13,O,2524,timothy07@example.net,001-235-527-5652,300 Jill Common,East Christopher,GA,75046,,,,,2026-03-03T10:03:13.821061,2026-05-13T18:06:12.830301
HEALTHBRIDGE,11472,HEALTHBRIDGE_EHR,Debra,Mclean,1967-05-09,F,6921,mariafisher@example.org,+1-897-939-0766,244 Alexis Ville Apt. 157,Smithstad,WY,73562,,,,,2023-07-25T00:34:41.570363,2026-05-13T18:06:12.978539
HEALTHBRIDGE,11304,HEALTHBRIDGE_EHR,Edward,Goodwin,1995-09-30,O,2796,vjackson@example.com,251-426-3700x79633,1766 Houston Road,North Rebecca,NM,37944,,,,,2024-08-13T22:16:42.500297,2026-05-13T18:06:12.890404
HEALTHBRIDGE,11087,HEALTHBRIDGE_EHR,Jay,Meza,1957-01-16,M,6529,margaret83@example.net,754.228.8463x7734,27721 Johnston Via,South Ericton,MP,43755,,,,,2024-06-03T06:37:25.526281,2026-05-13T18:06:12.779638
HEALTHBRIDGE,11312,HEALTHBRIDGE_EHR,Ethan,Ford,2014-02-25,M,7978,steelebrandy@example.org,(269)815-6949,276 Andrew Extension,West Lisa,TN,18524,Claire,Ford,michael96@example.net,757-834-9438,2023-06-12T18:08:43.052515,2026-05-13T18:06:12.894354
HEALTHBRIDGE,11308,HEALTHBRIDGE_EHR,Joseph,Wilkins,1967-02-08,M,9717,rachaelgray@example.com,001-714-687-4971x512,938 Walker Roads Apt. 584,South Brittanybury,MI,85059,,,,,2025-04-22T18:40:01.445397,2026-05-13T18:06:12.892443
HEALTHBRIDGE,11532,HEALTHBRIDGE_EHR,Cindy,Alvarrado,1985-01-01,F,2547,cortezkevin@example.com,+1-865-264-8236x6299,3699 Marshall Mills Apt. 872,West Zacharymouth,CO,98954,,,,,2024-02-29T05:37:14.029816,2026-05-13T18:06:13.085054
HEALTHBRIDGE,11426,HEALTHBRIDGE_EHR,Kevin,Miller,1953-06-12,M,1273,joshuawest@example.org,968-529-8516x522,18778 Allen Road Apt. 448,Ortegamouth,ME,58820,,,,,2026-03-09T20:18:47.263918,2026-05-13T18:06:12.954942
HEALTHBRIDGE,11138,HEALTHBRIDGE_EHR,Alexandra,Richardson,2001-05-31,O,2330,margarettaylor@example.org,001-531-667-5011x532,7756 Lewis Oval,East Vanessashire,OR,70903,,,,,2024-10-12T19:19:18.363132,2026-05-13T18:06:12.805551
HEALTHBRIDGE,11256,HEALTHBRIDGE_EHR,William,Matthews,1941-05-18,F,1382,garciapamela@example.net,001-559-254-7616x806,005 Berg Pike Apt. 131,Jasonbury,MT,00628,,,,,2026-02-10T09:41:56.805244,2026-05-13T18:06:12.865769
HEALTHBRIDGE,11204,HEALTHBRIDGE_EHR,Jose,Pena,1982-06-15,O,1286,claychristopher@example.net,8553875302,990 Brown Mountain Suite 202,Larsonhaven,RI,89922,,,,,2025-07-22T13:29:53.072271,2026-05-13T18:06:12.839122
HEALTHBRIDGE,11142,HEALTHBRIDGE_EHR,Daniel,Gonzalez,1982-10-04,M,4097,ttrevino@example.net,676.538.3191x8043,797 Benjamin Lane,Gregoryside,DE,73395,,,,,2025-08-22T22:49:46.551023,2026-05-13T18:06:12.807687
HEALTHBRIDGE,11330,HEALTHBRIDGE_EHR,Alyssa,Daniels,2011-04-20,F,2374,hrichmond@example.net,001-494-951-1932x467,37100 Jessica Road Suite 963,Charlesside,PR,64182,Brian,Daniels,lisawilliams@example.net,661.330.1446,2024-06-01T11:36:06.094063,2026-05-13T18:06:12.903843
HEALTHBRIDGE,11446,HEALTHBRIDGE_EHR,Courtney,Jones,1957-10-18,O,1392,danielle00@example.org,2016330214,13921 Guerrero Point,New Edwardfort,FL,35440,,,,,2024-03-25T05:54:35.069707,2026-05-13T18:06:12.965625
HEALTHBRIDGE,11177,HEALTHBRIDGE_EHR,Frank,Smith,1949-08-31,F,7577,clarkebridget@example.org,(236)250-4568x696,233 Kristen Island,Port Kevin,KY,16600,,,,,2026-02-23T16:48:28.621460,2026-05-13T18:06:12.825805
HEALTHBRIDGE,11318,HEALTHBRIDGE_EHR,Michael,Collins,2007-08-06,M,3144,yatesjocelyn@example.org,628-588-6465x08930,8421 Sheila Courts,Port Samuel,PA,81431,,,,,2026-03-18T05:56:40.970634,2026-05-13T18:06:12.897463
HEALTHBRIDGE,11309,HEALTHBRIDGE_EHR,Jennifer,Thomas,2000-03-19,F,2314,upearson@example.org,(909)501-8174,14963 Rodney Burg,Port Briantown,LA,88654,,,,,2026-05-08T14:21:52.107242,2026-05-13T18:06:12.892905
HEALTHBRIDGE,11267,HEALTHBRIDGE_EHR,Kyle,Miller,1975-06-25,O,6408,stevenmendoza@example.net,+1-905-859-2277x0260,987 Michael Skyway Suite 411,West Alexis,NV,91070,,,,,2024-09-01T01:59:27.142712,2026-05-13T18:06:12.871207
HEALTHBRIDGE,11100,HEALTHBRIDGE_EHR,Victoria,Ponce,1974-08-19,F,2315,melissafischer@example.net,200.946.0356,4937 Hanson Avenue,Justinton,SC,41773,,,,,2025-08-10T04:03:13.252992,2026-05-13T18:06:12.786364
HEALTHBRIDGE,11408,HEALTHBRIDGE_EHR,Barbara,Williamson,1992-11-11,O,9425,carlos13@example.net,001-999-477-3879x278,0842 Brittany Lights,Murphyport,KS,90455,,,,,2024-02-23T03:51:24.435620,2026-05-13T18:06:12.945210
HEALTHBRIDGE,11432,HEALTHBRIDGE_EHR,Elizabeth,Martin,2021-12-23,O,5698,tracysmith@example.net,277.951.9003x226,7843 Ronald Glens,Robertbury,CA,08609,Veronica,Martin,jefferyhall@example.net,(443)376-7305x858,2025-10-25T06:45:41.300260,2026-05-13T18:06:12.958296
HEALTHBRIDGE,11395,HEALTHBRIDGE_EHR,David,Kline,1953-10-31,M,9620,anna74@example.com,323-719-0024,75863 Clark Ford Apt. 270,New Kimberly,OR,79738,,,,,2024-07-27T07:55:40.387507,2026-05-13T18:06:12.938071
HEALTHBRIDGE,11254,HEALTHBRIDGE_EHR,Blake,Nolan,1988-06-19,F,6058,markwood@example.org,(679)388-3686x3644,632 Villarreal Trace,New Donald,AK,49916,,,,,2025-10-29T06:37:58.596569,2026-05-13T18:06:12.864856
HEALTHBRIDGE,11363,HEALTHBRIDGE_EHR,Luis,Bishop,1972-04-17,M,2699,fjackson@example.com,(770)965-8686x237,71219 Melissa Shoal Apt. 767,Lake Michellefort,SC,01983,,,,,2023-05-15T14:48:09.454092,2026-05-13T18:06:12.920639
HEALTHBRIDGE,11484,HEALTHBRIDGE_EHR,Shawna,Molina,1954-11-07,F,8443,emilyhutchinson@example.org,938-714-4565x1499,014 Cruz Forest,New Jose,MD,37714,,,,,2024-05-13T14:44:30.079834,2026-05-13T18:06:12.984162
HEALTHBRIDGE,11032,HEALTHBRIDGE_EHR,Robert,Weber,2017-07-20,M,6484,emartin@example.com,(397)373-6609x859,7366 Harris Mill Suite 874,Rebeccastad,NV,15766,Lauren,Weber,susan49@example.com,963-995-2574,2024-02-06T04:49:38.470189,2026-05-13T18:06:12.752410
HEALTHBRIDGE,11224,HEALTHBRIDGE_EHR,William,Esparza,1951-02-21,M,5187,lindsey72@example.org,(830)607-0861,7475 Julia Courts Suite 835,Boothton,OH,84128,,,,,2025-09-04T22:51:10.489400,2026-05-13T18:06:12.848978
HEALTHBRIDGE,11297,HEALTHBRIDGE_EHR,Briana,Morrow,1968-09-14,O,7361,shermanjason@example.org,6299501147,905 Morris Garden,Gordontown,KS,80873,,,,,2026-03-31T02:46:14.331782,2026-05-13T18:06:12.887145
HEALTHBRIDGE,11082,HEALTHBRIDGE_EHR,Courtney,Singleton,2010-04-26,F,8846,ngross@example.net,001-367-604-4777,7702 Ferrell Summit,Lake Christopherstad,LA,34061,Barry,Singleton,stephen52@example.com,(537)544-8455x5766,2025-03-20T20:42:24.532935,2026-05-13T18:06:12.777041
HEALTHBRIDGE,11442,HEALTHBRIDGE_EHR,Eugene,Powell,2016-09-24,O,5111,vicki70@example.org,773.637.0106x5360,27931 Amanda Wells Suite 277,Roberttown,NE,91620,Darrell,Powell,yjensen@example.org,+1-256-961-1828x921,2023-06-07T04:17:33.537083,2026-05-13T18:06:12.963447
HEALTHBRIDGE,11201,HEALTHBRIDGE_EHR,Collin,Williamson,2002-03-26,F,0881,vnguyen@example.com,8297376452,80238 Flores Fall Suite 008,West Bethanytown,TN,16245,,,,,2025-12-14T15:35:00.652124,2026-05-13T18:06:12.837409
HEALTHBRIDGE,11146,HEALTHBRIDGE_EHR,Justin,Williams,2003-02-21,F,9265,hamiltonmegan@example.org,001-753-333-5016x262,9461 Sanchez Wells,Elizabethmouth,CT,27625,,,,,2024-01-11T13:26:05.381283,2026-05-13T18:06:12.809470
HEALTHBRIDGE,11277,HEALTHBRIDGE_EHR,Douglas,Owens,1972-10-20,O,5298,rita93@example.net,(574)228-6017x6787,13052 Sierra Pines,West Sandra,GA,19892,,,,,2023-12-30T13:05:13.741904,2026-05-13T18:06:12.876211
HEALTHBRIDGE,11088,HEALTHBRIDGE_EHR,Eric,Ramos,1992-03-13,F,9163,joshuawilkinson@example.net,683-372-6877x9388,672 Castillo Parks,Calhounland,AR,39110,,,,,2023-06-02T18:29:24.298845,2026-05-13T18:06:12.780141
HEALTHBRIDGE,11158,HEALTHBRIDGE_EHR,David,Rodriguez,2021-02-21,O,4659,steven20@example.com,647.787.3541,4731 Kimberly Passage Suite 926,Halltown,AL,71992,Alexandra,Rodriguez,jeffrey30@example.org,685-378-1656x0880,2025-12-20T07:31:03.431645,2026-05-13T18:06:12.815818
HEALTHBRIDGE,11576,HEALTHBRIDGE_EHR,Christopher,Philllips,1976-11-12,M,4422,ithompson@example.net,(488)542-4745x171,516 Joseph Crossing Suite 549,Carsonstad,CT,88953,,,,,2023-08-09T04:22:41.361186,2026-05-13T18:06:13.108935
HEALTHBRIDGE,29827,HEALTHBRIDGE_EHR,Daniel,Mathis,1945-05-13,F,5841,ubrown@example.com,962-298-4754,646 Joseph Ports,Wyatthaven,VI,83093,,,,,2024-06-03T05:38:54.039216,2026-05-13T18:06:13.014868
HEALTHBRIDGE,11290,HEALTHBRIDGE_EHR,Mike,Carter,1962-12-10,O,4961,danielturner@example.org,001-865-313-3861x367,60543 Shawn Brooks Suite 367,East Tyroneview,NJ,01033,,,,,2024-08-13T14:40:48.712881,2026-05-13T18:06:12.883524
HEALTHBRIDGE,11358,HEALTHBRIDGE_EHR,Cheryl,Galvan,1954-01-10,M,1038,laurenfowler@example.net,(610)483-2786x686,32650 Wendy Wells,Ruthview,CT,13167,,,,,2024-03-07T16:58:06.706519,2026-05-13T18:06:12.918366
HEALTHBRIDGE,11141,HEALTHBRIDGE_EHR,Christina,Jones,2005-02-16,F,9671,luispayne@example.net,+1-990-388-8608x110,236 John Loop Apt. 858,Joseview,IL,64460,,,,,2023-10-08T05:21:25.957636,2026-05-13T18:06:12.807223
HEALTHBRIDGE,11257,HEALTHBRIDGE_EHR,Tristan,Gonzalez,1988-09-11,F,6277,mossdaniel@example.com,895-299-2917x919,64176 Best Port,North Regina,GU,48816,,,,,2026-04-19T22:40:06.580527,2026-05-13T18:06:12.866243
HEALTHBRIDGE,11051,HEALTHBRIDGE_EHR,Monica,Walker,1946-02-24,M,0521,stephanie11@example.com,339-278-1573x415,0862 Jennifer Knoll Apt. 460,South Roberta,SD,23384,,,,,2025-10-17T06:45:34.340878,2026-05-13T18:06:12.762099
HEALTHBRIDGE,11000,HEALTHBRIDGE_EHR,Erica,Coleman,1989-04-09,O,6387,hugheswilliam@example.org,763.941.1048,1265 Benson Plaza Apt. 829,East Melissaside,RI,84562,,,,,2025-11-28T01:22:29.236624,2026-05-13T18:06:12.736175
HEALTHBRIDGE,11360,HEALTHBRIDGE_EHR,Raymond,Thomas,1947-06-04,O,8730,yjenkins@example.org,335-745-6143,834 Sanchez Circles,Port Traci,AR,04680,,,,,2024-12-03T14:14:32.983472,2026-05-13T18:06:12.919314
HEALTHBRIDGE,11440,HEALTHBRIDGE_EHR,Samuel,Williams,1942-03-26,F,5918,johnsonpaige@example.net,518-562-4793,914 David Radial Suite 315,Cynthiahaven,AR,85500,,,,,2023-06-03T16:54:11.216811,2026-05-13T18:06:12.962600
HEALTHBRIDGE,11005,HEALTHBRIDGE_EHR,Amy,Garcia,1949-07-13,O,9240,imurray@example.org,602.854.3163x915,2560 Cruz Mountain Apt. 036,South Heatherville,MD,93565,,,,,2025-10-01T17:20:23.239540,2026-05-13T18:06:12.738744
HEALTHBRIDGE,11313,HEALTHBRIDGE_EHR,James,Woods,2026-02-11,M,9727,brittany13@example.net,+1-378-370-1881,79523 Clayton Freeway,West Christopher,MH,58457,Steven,Woods,thomaswesley@example.net,(433)487-9081x32208,2023-05-27T16:16:42.028962,2026-05-13T18:06:12.894955
HEALTHBRIDGE,26502,HEALTHBRIDGE_EHR,Travis,Kemp,1992-08-21,M,7248,younglisa@example.com,001-792-730-0833x418,93038 James Land,Jamiebury,NV,96925,,,,,2024-01-10T03:26:20.060562,2026-05-13T18:06:12.993173
HEALTHBRIDGE,11054,HEALTHBRIDGE_EHR,Krystal,Ortega,1999-05-14,M,8051,raymondwilliams@example.org,+1-424-374-8579x8889,73815 Elijah Tunnel,East Derek,NH,88400,,,,,2025-05-27T00:42:59.731466,2026-05-13T18:06:12.763568
HEALTHBRIDGE,11126,HEALTHBRIDGE_EHR,Paula,Moore,2010-05-18,O,6126,lucasdavid@example.org,318.667.2075,566 Christine Valley Suite 760,Lake Masonview,IA,36167,Kayla,Moore,archerphilip@example.com,976-647-5665x73297,2026-05-08T01:30:50.623413,2026-05-13T18:06:12.799496
HEALTHBRIDGE,11289,HEALTHBRIDGE_EHR,Danielle,Hunter,1947-04-01,O,8770,mariorodriguez@example.com,+1-692-720-6829,84571 Berry Spur,Port Annehaven,CO,56497,,,,,2025-08-05T18:12:59.506094,2026-05-13T18:06:12.882995
HEALTHBRIDGE,11222,HEALTHBRIDGE_EHR,Wayne,Brown,2021-07-21,O,0003,kmartin@example.org,(728)433-8138,59062 Maldonado Trail,Samanthaton,FM,94754,Yolanda,Brown,charles45@example.org,(592)545-6708,2025-06-05T06:36:07.963662,2026-05-13T18:06:12.847956
HEALTHBRIDGE,11041,HEALTHBRIDGE_EHR,Christopher,Wong,1946-02-25,O,3057,bushscott@example.net,(400)904-5840x892,9906 Lawson Inlet,West Samuel,MI,97376,,,,,2025-06-14T16:02:31.797928,2026-05-13T18:06:12.757144
HEALTHBRIDGE,11464,HEALTHBRIDGE_EHR,Yolanda,Hogan,1947-10-02,O,2560,lydia20@example.net,915-612-2866x00999,17159 Jimmy Hill Suite 372,Christinatown,WV,14351,,,,,2023-10-20T23:59:21.622062,2026-05-13T18:06:12.974283
HEALTHBRIDGE,11015,HEALTHBRIDGE_EHR,James,Sanchez,1974-01-01,O,8715,holmesmiguel@example.net,227-888-5988x192,6932 Beck Rapid Suite 276,East John,ND,31428,,,,,2023-08-12T21:04:10.860985,2026-05-13T18:06:12.743767
HEALTHBRIDGE,11301,HEALTHBRIDGE_EHR,Erin,Bailey,2019-04-09,M,2319,hbenson@example.com,699.462.4023,17591 Flores Rest,New Dawnborough,RI,88959,Timothy,Bailey,ngilbert@example.com,491.906.7333,2024-06-17T05:01:59.812545,2026-05-13T18:06:12.888888
HEALTHBRIDGE,11066,HEALTHBRIDGE_EHR,Joseph,Smith,1952-12-17,O,3943,gary05@example.net,+1-850-895-7928x1847,3992 Jones Roads,North Candiceview,AZ,90940,,,,,2025-07-12T02:43:55.100389,2026-05-13T18:06:12.769268
HEALTHBRIDGE,11717,HEALTHBRIDGE_EHR,James,Harding,2020-09-22,F,2761,christopher12@example.org,719-406-7736,1911 Keller Meadow,Taraburgh,RI,18951,,,,,2024-11-19T20:12:31.301385,2026-05-13T18:06:13.186996
HEALTHBRIDGE,11498,HEALTHBRIDGE_EHR,Angela,Villa,1997-12-11,O,4882,kingamy@example.net,+1-848-322-3322x846,08186 Dwayne Creek Apt. 375,North Kimberly,MI,87272,,,,,2024-06-08T09:46:50.097337,2026-05-13T18:06:12.990897
HEALTHBRIDGE,11310,HEALTHBRIDGE_EHR,Marco,Walton,1986-06-01,F,9067,montgomeryshaun@example.net,600-459-7583x445,42084 Nancy Ferry,Floresshire,AZ,61477,,,,,2025-01-02T14:25:34.560706,2026-05-13T18:06:12.893373
HEALTHBRIDGE,11166,HEALTHBRIDGE_EHR,Robin,Blake,1968-01-16,O,9423,estessamuel@example.com,529.940.3804,26980 Flores Walks Apt. 086,New Margaretmouth,PW,00904,,,,,2025-12-18T14:43:39.037906,2026-05-13T18:06:12.820140
HEALTHBRIDGE,11568,HEALTHBRIDGE_EHR,Alexis,Thomas,1964-01-13,O,1169,charlesharrington@example.com,696-515-8657x80913,1172 Berger Cape,Lauraport,MI,49632,,,,,2025-10-14T04:05:50.596823,2026-05-13T18:06:13.104022
HEALTHBRIDGE,11296,HEALTHBRIDGE_EHR,Donna,Alexander,1977-09-17,F,1032,qflores@example.net,9904651940,6150 Wilson Streets,South Brendanberg,OK,20364,,,,,2023-10-13T12:18:24.405544,2026-05-13T18:06:12.886554
HEALTHBRIDGE,26139,HEALTHBRIDGE_EHR,Joe,Baker,1993-07-09,M,1977,william65@example.net,+1-480-416-6581x366,86102 John Brooks,Angelshire,MS,31463,,,,,2025-03-03T23:10:56.622247,2026-05-13T18:06:13.046247
HEALTHBRIDGE,11153,HEALTHBRIDGE_EHR,Michelle,Blackwell,1949-11-04,F,1300,john99@example.net,(357)209-9286,551 Allen Springs,West Frances,FL,01969,,,,,2024-02-07T16:58:34.524663,2026-05-13T18:06:12.813310
HEALTHBRIDGE,11477,HEALTHBRIDGE_EHR,Sarah,Fischer,1961-10-18,M,8142,mhernandez@example.com,311.971.2034x574,5923 Brandon Curve Apt. 422,South Christopher,MS,41279,,,,,2024-01-18T20:23:14.133342,2026-05-13T18:06:12.980871
HEALTHBRIDGE,11150,HEALTHBRIDGE_EHR,Jonathan,Booker,2022-01-31,M,4146,bmiller@example.org,(953)647-6414x4271,14595 Smith Points Apt. 029,South Jenniferstad,ME,62166,Leslie,Booker,derek72@example.net,236-310-9098x245,2023-12-14T13:48:51.358303,2026-05-13T18:06:12.811452
HEALTHBRIDGE,24125,HEALTHBRIDGE_EHR,Kimberly,Miller,2003-05-17,F,8266,lucasjoshua@example.com,911.586.7019,54459 Daniel Coves Apt. 125,Racheltown,OK,76545,,,,,2024-11-11T11:41:29.903957,2026-05-13T18:06:13.008420
HEALTHBRIDGE,11008,HEALTHBRIDGE_EHR,Alan,Maynard,1988-12-18,M,0001,cindybrooks@example.net,(887)444-1235x9989,692 Wright Meadows Apt. 062,Elizabethland,MN,11955,,,,,2024-10-23T19:03:53.527625,2026-05-13T18:06:12.740270
HEALTHBRIDGE,11112,HEALTHBRIDGE_EHR,Linda,Flowers,1975-11-09,M,9092,wtaylor@example.net,868-762-9661x035,8084 Tracy Common Suite 926,South Jesse,MN,01034,,,,,2025-04-22T13:01:30.807353,2026-05-13T18:06:12.792746
HEALTHBRIDGE,11295,HEALTHBRIDGE_EHR,Penny,Bush,1952-02-24,M,0584,erik15@example.com,209-667-6242x8574,2770 Micheal Mountain,Jamesbury,AR,59847,,,,,2025-09-24T22:40:46.323573,2026-05-13T18:06:12.886142
HEALTHBRIDGE,11355,HEALTHBRIDGE_EHR,Hannah,Robinson,1982-03-15,F,3909,smccormick@example.com,813.741.2538x3410,99766 Fisher Estate Apt. 670,New Jesse,MS,58251,,,,,2025-12-05T19:55:20.354101,2026-05-13T18:06:12.916908
HEALTHBRIDGE,11592,HEALTHBRIDGE_EHR,Nicole,Moore,1992-06-20,M,8179,veronicasnyder@example.net,(979)676-4381x56149,69003 Dougherty Trafficway,Port Jonathan,MD,16227,Mark,Whitaker,stevensmith@example.com,705-500-9171,2024-02-03T18:37:27.251962,2026-05-13T18:06:13.117256
HEALTHBRIDGE,11465,HEALTHBRIDGE_EHR,Carrie,Simmons,1958-01-16,F,9683,adriana34@example.org,001-729-778-6715x429,94770 Taylor Corners Apt. 035,East Richard,IN,46288,,,,,2025-03-27T20:12:41.974217,2026-05-13T18:06:12.974731
HEALTHBRIDGE,11443,HEALTHBRIDGE_EHR,Lawrence,Jordan,1952-02-06,O,6672,michaellamb@example.org,001-475-833-6314,617 Lucas Plains,Robinsonmouth,TN,36527,,,,,2025-10-05T01:28:24.856193,2026-05-13T18:06:12.964124
HEALTHBRIDGE,11125,HEALTHBRIDGE_EHR,Debra,King,1963-04-19,O,7808,lisa19@example.net,001-664-259-6243,7157 Elizabeth Loop,Adammouth,AR,42508,,,,,2025-05-21T10:43:32.633476,2026-05-13T18:06:12.799047
HEALTHBRIDGE,11351,HEALTHBRIDGE_EHR,Christopher,Davis,1981-06-08,M,5500,angelicachase@example.net,+1-379-921-6501,6018 Tammy Meadows Suite 522,Andersonland,MA,17369,,,,,2025-06-03T20:01:48.193713,2026-05-13T18:06:12.914958
HEALTHBRIDGE,20916,HEALTHBRIDGE_EHR,Peter,Arellano,2017-02-06,F,5633,martinamber@example.net,001-328-914-9896x569,4836 Joy Cliff,Johnbury,IN,50026,Danielle,Arellano,justin34@example.com,001-843-803-4267x845,2024-07-12T20:29:49.617634,2026-05-13T18:06:13.041483
HEALTHBRIDGE,11635,HEALTHBRIDGE_EHR,Linda,Cohen,1956-07-06,M,5573,mckinneyoscar@example.org,(377)735-9255x56258,1473 Colin Highway,Linchester,IA,21433,,,,,2025-09-26T09:06:41.208158,2026-05-13T18:06:13.140915
HEALTHBRIDGE,11042,HEALTHBRIDGE_EHR,Paula,Holloway,1966-10-01,F,9808,knappjeffrey@example.net,(338)936-4722x4558,335 Kimberly Trail,Monicaburgh,KS,36171,,,,,2025-04-21T20:38:05.086525,2026-05-13T18:06:12.757680
HEALTHBRIDGE,11195,HEALTHBRIDGE_EHR,Latasha,Lee,1967-10-15,O,1927,bellchristopher@example.net,843.249.3635,9347 Kenneth Squares Suite 167,Thomasside,NM,98174,,,,,2024-03-27T01:05:37.998345,2026-05-13T18:06:12.834555
HEALTHBRIDGE,11316,HEALTHBRIDGE_EHR,Brian,Martin,1985-07-15,O,0616,sierracolon@example.com,4763645362,501 John Glens,Weavershire,MD,04047,,,,,2025-02-18T09:36:19.925611,2026-05-13T18:06:12.896491
HEALTHBRIDGE,11282,HEALTHBRIDGE_EHR,Willie,Quinn,1980-07-14,O,1740,thomasrobinson@example.net,259-226-6866,565 Brent Causeway Apt. 275,New Jameschester,TN,02566,,,,,2024-03-16T20:04:56.235183,2026-05-13T18:06:12.879280
HEALTHBRIDGE,11427,HEALTHBRIDGE_EHR,Kimberly,Silva,2010-10-09,M,3217,finleywhitney@example.org,288-872-7796,4205 Elizabeth Ville Suite 784,Thompsonland,MO,27926,Richard,Silva,schmidtrichard@example.com,001-915-231-2141x382,2024-02-24T23:12:12.791666,2026-05-13T18:06:12.955425
HEALTHBRIDGE,11662,HEALTHBRIDGE_EHR,Nicholas,Veega,2005-03-22,F,5947,desireebailey@example.org,+1-868-823-0047,75243 Antonio Shore,Mendeztown,IA,27512,,,,,2024-10-27T04:51:30.669773,2026-05-13T18:06:13.155094
HEALTHBRIDGE,11400,HEALTHBRIDGE_EHR,Laura,Valentine,1960-01-02,O,8037,lgordon@example.org,001-818-381-2246,80970 Alan Track Suite 909,Craigstad,VI,13806,,,,,2025-11-09T14:20:24.978883,2026-05-13T18:06:12.940676
HEALTHBRIDGE,11339,HEALTHBRIDGE_EHR,Christina,Smith,1977-01-19,F,7114,jessereid@example.net,(719)315-7701x4111,31539 Martin Cliffs Apt. 587,Morganshire,WI,08916,,,,,2024-06-29T10:24:20.978384,2026-05-13T18:06:12.908934
HEALTHBRIDGE,11357,HEALTHBRIDGE_EHR,Jessica,Taylor,1979-12-12,F,4380,clarkelizabeth@example.com,(964)665-1847x8879,795 Haynes Neck Apt. 149,South Samanthaport,MT,09287,,,,,2025-04-22T07:12:58.274685,2026-05-13T18:06:12.917891
HEALTHBRIDGE,11271,HEALTHBRIDGE_EHR,Theresa,Kirk,1950-12-04,M,4641,crystal40@example.org,(574)989-4244,6604 Ryan Locks,Wilsonside,NC,10465,,,,,2024-08-02T02:54:41.583014,2026-05-13T18:06:12.873089
